stop_id,TAZ
1,322
2,322
3,314
4,314
5,314
6,322
7,314
8,316
10,132
11,313
13,154
14,154
15,154
16,155
17,155
18,166
19,166
20,166
21,166
22,163
23,163
24,163
25,163
26,161
27,161
28,160
29,160
30,160
32,160
33,158
34,158
35,160
41,163
42,163
43,163
44,163
45,163
46,156
47,156
48,156
49,153
50,153
51,154
52,154
55,314
56,131
57,128
58,128
59,314
60,314
61,322
62,322
63,322
64,322
65,36
66,682
67,682
68,673
69,673
71,664
72,665
73,657
74,658
75,644
77,257
79,93
80,267
82,277
83,312
84,313
87,116
88,116
89,107
91,109
93,93
95,92
96,643
97,643
99,655
101,655
102,654
104,664
106,674
107,681
108,681
109,691
110,691
111,356
113,2
114,2
117,37
120,446
121,359
122,134
123,134
124,133
125,133
126,133
128,132
129,446
131,317
133,318
134,318
135,353
136,354
137,446
138,358
139,358
140,358
141,727
142,358
143,104
144,99
145,98
146,101
147,114
148,114
150,147
151,147
152,147
153,152
154,152
155,156
156,156
157,156
158,156
159,156
160,151
161,152
162,151
163,151
168,113
171,101
173,99
174,106
175,104
176,111
177,98
178,104
179,106
180,363
185,407
187,277
188,277
190,43
191,37
208,157
210,140
212,139
214,139
215,135
218,136
221,14
222,14
223,13
224,13
225,12
226,12
230,7
231,5
233,9
234,11
236,39
238,137
242,139
244,149
246,157
247,140
249,152
250,152
251,152
252,153
253,153
254,153
255,153
256,153
258,155
259,165
260,165
261,165
262,165
263,165
264,165
265,165
266,162
267,162
268,160
269,153
270,160
275,162
277,162
278,162
279,165
280,165
281,165
282,165
283,165
284,165
285,155
286,155
287,166
288,156
289,156
290,152
291,153
292,152
293,152
295,160
296,160
298,167
299,134
300,134
301,134
302,134
303,354
304,354
305,354
306,354
308,361
309,361
312,363
317,363
318,365
319,365
320,365
322,375
323,368
325,375
326,375
327,375
328,375
329,375
330,382
331,382
332,382
334,392
337,384
338,384
339,383
340,383
341,383
342,383
343,376
345,368
346,368
347,365
348,365
349,363
350,363
351,361
352,361
353,361
354,354
355,354
357,134
358,134
359,167
362,319
367,382
369,382
371,382
372,373
373,373
374,373
375,372
376,372
378,372
381,371
382,371
383,342
384,342
385,342
386,337
387,337
388,337
390,337
392,337
393,328
394,328
395,328
396,328
397,392
399,322
401,327
404,327
405,327
406,327
407,336
410,336
411,336
412,341
413,341
414,341
415,346
416,346
417,350
419,350
420,372
421,372
422,372
423,380
424,373
425,380
426,381
428,381
430,381
431,380
432,380
434,380
435,389
436,389
437,381
438,389
439,389
440,389
441,388
443,388
445,388
446,389
447,389
448,389
449,389
450,389
451,380
452,380
453,380
454,380
455,380
457,374
458,374
460,370
461,370
463,370
465,370
467,339
468,342
469,339
470,339
471,342
472,342
473,339
475,371
477,370
478,370
480,370
482,373
483,373
485,373
487,380
488,380
489,380
490,380
491,390
492,390
493,390
494,390
495,390
496,391
497,389
498,389
499,389
501,390
507,400
508,400
509,400
510,400
511,391
512,391
514,391
515,391
516,391
517,381
518,381
519,381
520,348
521,348
522,349
523,351
524,351
525,405
526,404
527,404
528,404
529,403
530,403
531,403
532,400
533,392
534,392
535,392
536,391
537,391
539,389
540,389
541,388
542,388
543,352
545,349
546,349
547,347
549,339
550,370
551,370
552,366
553,369
554,369
555,369
556,369
557,368
558,368
559,369
560,369
561,369
562,366
563,366
564,366
565,339
566,339
567,339
568,339
569,400
570,400
571,401
572,401
573,401
574,401
575,401
576,402
577,402
578,402
579,402
580,402
583,402
584,402
585,402
586,402
587,401
588,401
589,401
590,401
591,395
593,395
594,395
595,395
596,311
597,311
598,311
599,425
600,425
601,425
602,430
603,430
604,430
605,430
606,430
607,431
608,439
609,439
610,439
611,435
612,435
613,435
614,435
615,435
616,436
618,436
619,434
620,434
621,434
622,434
623,434
624,434
625,434
626,434
627,434
628,428
629,428
630,428
631,428
632,427
633,427
634,427
635,427
636,426
637,425
638,425
639,425
640,311
641,311
642,311
730,657
763,436
764,436
765,436
766,436
767,436
768,436
769,435
770,435
771,435
772,435
773,435
774,438
775,438
776,438
777,438
778,438
779,438
780,435
781,440
782,440
783,443
784,441
785,441
786,441
787,440
788,431
789,431
790,431
791,430
792,430
793,430
794,430
795,430
797,430
798,430
799,430
800,430
801,431
802,431
803,431
804,440
805,441
806,441
807,443
808,443
810,440
811,445
812,445
813,445
814,445
815,445
816,446
817,446
818,446
820,438
821,440
822,438
823,438
824,438
825,438
826,438
827,436
828,436
829,436
830,436
831,436
832,436
833,444
834,444
835,444
836,444
837,444
838,444
839,444
840,444
841,444
842,444
843,440
844,440
845,440
846,443
847,443
848,443
849,443
850,443
851,444
852,444
853,444
854,128
855,315
856,128
875,348
879,163
880,157
882,395
883,400
884,158
885,157
886,161
888,143
889,148
890,148
891,137
892,15
895,161
896,161
899,259
900,935
902,935
903,999
904,1013
905,1013
906,1013
907,1013
909,208
910,208
912,208
913,208
914,208
916,214
917,214
918,214
919,216
920,228
922,227
924,227
925,230
926,230
927,230
928,235
929,236
931,236
933,252
934,251
935,251
937,253
938,253
939,258
941,258
951,254
952,253
953,253
954,253
956,251
958,250
959,250
960,249
962,248
964,248
966,230
967,227
969,225
970,226
971,226
972,226
973,226
974,213
975,213
977,213
979,208
981,208
982,208
983,1013
985,1013
986,1013
987,1013
988,999
989,935
992,436
993,436
994,216
1001,755
1026,216
1027,211
1028,220
1029,219
1030,219
1031,219
1032,217
1033,216
1034,216
1035,226
1036,225
1038,225
1039,224
1040,223
1041,240
1042,240
1043,240
1044,240
1045,240
1046,240
1049,241
1051,245
1052,245
1053,245
1055,669
1056,670
1058,670
1060,665
1061,672
1062,671
1063,671
1064,683
1067,244
1068,244
1069,244
1070,244
1071,238
1072,239
1074,239
1075,239
1076,239
1077,239
1078,239
1079,223
1081,225
1082,225
1083,226
1084,214
1085,215
1086,215
1087,215
1088,215
1089,215
1090,219
1092,211
1093,213
1094,213
1095,213
1096,212
1097,212
1098,212
1100,212
1102,222
1103,224
1104,224
1107,224
1108,214
1109,227
1110,230
1111,248
1112,248
1113,248
1114,246
1115,246
1116,246
1117,669
1118,667
1119,666
1120,666
1121,666
1122,666
1123,665
1128,308
1129,308
1130,305
1132,305
1134,303
1135,303
1136,304
1137,304
1138,304
1139,358
1140,332
1141,332
1142,325
1143,325
1144,325
1145,325
1146,325
1147,325
1148,321
1149,324
1150,324
1151,324
1152,324
1153,324
1154,295
1155,301
1156,299
1158,299
1159,302
1160,302
1161,302
1164,307
1165,334
1166,334
1167,334
1168,334
1169,334
1170,326
1172,326
1173,326
1174,326
1175,322
1178,325
1179,325
1180,325
1181,332
1182,332
1183,332
1184,333
1185,333
1186,333
1187,333
1188,334
1189,245
1190,243
1191,243
1193,247
1195,247
1196,247
1197,223
1199,223
1200,223
1202,223
1203,222
1204,222
1206,212
1208,212
1210,212
1211,212
1212,207
1213,207
1214,213
1215,333
1216,333
1218,333
1219,324
1221,324
1222,324
1224,321
1226,290
1227,313
1228,313
1230,313
1231,122
1232,122
1233,123
1234,123
1235,123
1236,119
1237,119
1238,114
1239,83
1241,74
1242,79
1246,118
1247,118
1248,117
1249,117
1250,116
1251,116
1252,312
1253,312
1254,312
1255,312
1257,290
1258,291
1259,324
1260,324
1262,324
1264,333
1265,333
1266,333
1267,333
1268,216
1269,216
1270,216
1272,218
1273,218
1274,221
1275,739
1276,739
1278,741
1279,741
1280,741
1281,742
1282,743
1283,742
1285,744
1286,743
1287,743
1288,743
1289,738
1290,738
1291,738
1292,739
1293,739
1294,232
1295,231
1296,229
1298,229
1299,228
1300,228
1301,216
1302,234
1304,732
1306,734
1308,734
1309,737
1310,737
1311,743
1313,743
1314,297
1315,296
1317,287
1319,292
1320,291
1322,291
1323,291
1325,340
1326,340
1327,340
1328,336
1330,336
1331,336
1332,336
1334,336
1335,327
1337,327
1338,327
1339,327
1340,327
1341,326
1342,326
1344,327
1345,335
1346,335
1350,335
1351,340
1352,340
1353,340
1354,340
1357,291
1360,292
1362,292
1363,293
1365,293
1366,293
1367,744
1369,737
1371,737
1372,734
1373,731
1375,731
1376,732
1378,237
1379,236
1381,120
1382,123
1383,118
1384,112
1395,110
1396,117
1397,123
1398,120
1399,106
1400,679
1401,679
1402,676
1403,676
1404,661
1405,661
1406,647
1408,648
1409,648
1411,632
1412,632
1413,632
1416,630
1417,630
1418,629
1419,629
1420,629
1421,646
1422,646
1423,647
1424,646
1425,661
1426,661
1427,677
1428,677
1429,678
1430,679
1431,679
1432,926
1433,925
1434,925
1435,924
1436,924
1437,924
1438,924
1441,924
1442,924
1443,923
1444,923
1445,923
1447,923
1448,925
1449,925
1450,925
1451,925
1452,926
1468,369
1469,369
1470,367
1471,367
1472,367
1473,364
1474,364
1475,362
1478,362
1479,362
1480,362
1481,319
1484,317
1485,317
1486,317
1487,323
1488,323
1489,323
1491,322
1493,323
1495,323
1496,323
1497,329
1498,329
1499,329
1500,329
1501,330
1503,331
1504,364
1506,364
1508,364
1509,364
1510,364
1511,364
1512,366
1513,366
1514,366
1515,366
1518,262
1519,262
1520,262
1521,284
1523,284
1524,745
1525,745
1526,745
1527,746
1528,747
1529,747
1530,748
1531,748
1532,748
1533,749
1534,749
1535,750
1536,750
1537,750
1538,750
1539,750
1540,750
1541,752
1542,752
1543,752
1544,752
1545,752
1546,751
1547,751
1548,748
1549,748
1550,748
1551,748
1552,748
1553,748
1554,747
1555,746
1556,745
1557,745
1558,284
1559,284
1562,268
1563,268
1564,259
1565,346
1566,339
1567,338
1569,338
1570,330
1571,330
1572,329
1573,329
1574,329
1575,329
1576,329
1577,323
1578,323
1579,328
1580,328
1581,328
1582,328
1583,337
1584,337
1585,337
1586,337
1587,346
1589,242
1592,320
1593,321
1600,966
1601,966
1602,966
1604,966
1605,966
1606,976
1607,976
1608,978
1609,978
1612,434
1613,434
1614,422
1615,422
1616,422
1617,422
1618,422
1620,422
1621,422
1623,434
1627,1086
1628,1086
1633,1084
1634,1085
1635,1085
1636,1085
1637,1087
1638,1087
1639,1087
1640,1082
1641,1082
1642,1082
1643,1082
1644,1082
1645,1082
1646,1082
1647,1082
1648,1792
1649,1792
1650,1793
1656,896
1657,904
1658,904
1659,904
1660,904
1661,904
1662,904
1663,904
1665,858
1667,858
1669,858
1670,858
1671,858
1672,858
1673,858
1674,859
1675,859
1676,859
1677,886
1678,886
1679,886
1680,886
1681,886
1682,886
1683,886
1684,885
1685,885
1686,885
1687,885
1688,1366
1689,1366
1690,1366
1691,1375
1692,1375
1693,1376
1694,1376
1695,1376
1696,1376
1697,1376
1698,1382
1699,1385
1706,350
1708,352
1709,352
1710,352
1713,405
1714,405
1716,406
1717,406
1718,406
1720,407
1721,407
1722,407
1723,407
1724,403
1725,404
1726,404
1728,404
1730,404
1731,404
1732,388
1733,379
1734,379
1735,372
1736,372
1737,371
1739,341
1740,341
1741,340
1742,340
1743,334
1747,298
1749,298
1750,299
1751,301
1752,301
1753,301
1755,296
1756,296
1757,296
1758,296
1760,296
1761,298
1764,666
1765,666
1766,666
1767,667
1768,667
1769,667
1770,668
1771,668
1772,668
1773,729
1775,260
1777,279
1778,279
1779,285
1780,286
1784,288
1785,289
1787,127
1788,125
1789,124
1790,127
1791,314
1798,278
1799,288
1800,274
1804,280
1805,280
1806,280
1807,261
1808,260
1809,260
1810,253
1811,660
1812,660
1813,659
1814,659
1816,656
1817,665
1836,447
1838,447
1839,447
1840,443
1841,443
1842,441
1843,441
1844,441
1845,441
1846,441
1847,441
1848,441
1849,432
1850,432
1851,432
1852,432
1853,432
1856,432
1857,432
1858,432
1859,432
1860,432
1867,430
1869,429
1870,429
1871,429
1872,429
1875,433
1876,433
1877,433
1878,433
1879,433
1880,433
1881,442
1882,442
1883,442
1884,442
1885,442
1886,442
1887,442
1888,442
1889,442
1890,447
1891,447
1892,755
1893,755
1895,755
1900,999
1920,265
1921,263
1922,268
1923,268
1924,269
1925,270
1926,271
1927,269
1928,264
1929,264
1930,265
1931,265
1932,108
1936,309
1937,308
1938,308
1939,307
1940,307
1941,307
1965,753
1966,1040
1984,753
1994,216
2002,309
2003,309
2006,309
2007,309
2020,687
2021,710
2023,710
2025,710
2026,710
2027,713
2028,713
2029,922
2030,714
2032,922
2033,922
2034,929
2036,929
2037,929
2038,929
2040,927
2042,930
2043,927
2044,932
2046,934
2047,930
2048,926
2049,927
2050,927
2051,927
2052,927
2054,927
2056,927
2057,928
2058,928
2060,928
2061,922
2062,922
2064,922
2065,922
2066,922
2067,712
2068,711
2070,711
2071,711
2073,686
2074,686
2076,689
2077,714
2078,714
2079,714
2080,713
2081,713
2082,709
2083,709
2084,709
2085,709
2086,708
2090,707
2091,707
2092,707
2093,707
2094,713
2095,713
2096,714
2097,714
2098,714
2099,921
2101,912
2102,913
2103,913
2104,913
2106,913
2107,913
2108,913
2110,929
2112,929
2113,929
2115,922
2116,66
2117,922
2118,715
2119,922
2121,908
2122,929
2123,908
2124,929
2125,929
2126,911
2127,914
2128,914
2129,914
2130,914
2131,914
2133,915
2134,921
2135,917
2136,918
2137,910
2138,910
2139,910
2140,910
2141,910
2142,909
2143,909
2144,909
2145,909
2146,909
2147,726
2148,726
2149,726
2150,726
2151,725
2152,725
2153,725
2154,707
2155,707
2156,707
2157,707
2158,707
2159,707
2160,708
2161,708
2162,708
2163,708
2166,691
2167,691
2168,691
2170,694
2171,694
2172,701
2173,701
2174,701
2175,701
2176,708
2177,706
2178,706
2179,706
2180,706
2181,706
2182,725
2183,725
2184,725
2185,725
2186,726
2187,726
2188,726
2189,909
2190,909
2191,909
2192,909
2193,909
2194,910
2195,910
2196,910
2197,910
2198,910
2201,902
2202,902
2203,902
2215,136
2217,680
2218,675
2220,675
2221,675
2222,663
2223,662
2224,662
2225,676
2226,676
2227,679
2228,652
2231,640
2250,901
2251,901
2252,899
2254,899
2255,899
2256,899
2257,893
2258,893
2259,893
2260,894
2261,894
2262,894
2263,894
2264,890
2265,890
2266,890
2268,719
2269,719
2270,719
2271,718
2273,719
2274,719
2275,891
2276,891
2277,891
2278,891
2279,894
2280,894
2281,894
2282,896
2283,897
2284,897
2285,897
2286,897
2287,899
2288,900
2290,900
2291,900
2292,900
2293,900
2296,718
2297,718
2298,718
2299,717
2300,717
2304,699
2305,694
2307,694
2310,696
2312,695
2314,703
2316,716
2318,717
2319,718
2320,718
2323,898
2324,902
2326,918
2327,918
2328,918
2329,918
2330,918
2331,917
2332,917
2333,917
2334,917
2335,916
2336,916
2337,916
2338,909
2339,726
2340,726
2341,726
2342,726
2343,909
2344,916
2345,916
2346,916
2347,916
2349,916
2350,917
2351,917
2353,893
2354,893
2355,898
2356,898
2357,898
2358,898
2359,898
2360,898
2361,898
2362,896
2363,895
2364,895
2365,895
2366,895
2367,577
2368,577
2369,577
2370,577
2371,577
2372,624
2373,624
2374,557
2375,557
2376,555
2377,555
2378,555
2379,555
2380,621
2381,621
2384,602
2385,602
2386,601
2387,601
2388,601
2389,600
2390,600
2391,588
2392,604
2393,588
2394,590
2395,590
2396,600
2397,600
2398,600
2399,601
2400,601
2401,602
2402,602
2404,602
2405,621
2406,621
2407,555
2408,555
2409,555
2410,555
2411,557
2412,557
2413,624
2414,624
2415,577
2416,577
2417,577
2418,577
2419,578
2420,578
2421,895
2422,895
2423,895
2424,896
2425,720
2426,722
2427,722
2428,721
2429,721
2430,703
2431,586
2432,609
2433,586
2434,678
2435,585
2436,584
2437,584
2438,584
2439,662
2440,662
2441,662
2442,663
2443,663
2444,664
2446,663
2447,663
2448,663
2449,651
2451,661
2452,584
2453,584
2454,585
2455,585
2457,586
2459,586
2460,716
2461,718
2462,720
2463,720
2464,903
2465,903
2466,903
2467,903
2468,903
2469,903
2470,902
2471,902
2472,902
2473,902
2475,917
2476,917
2477,917
2478,916
2479,889
2480,889
2482,889
2483,902
2484,902
2485,902
2486,902
2487,903
2488,903
2489,903
2490,903
2491,903
2493,945
2494,903
2495,903
2507,607
2508,607
2510,608
2511,608
2512,608
2513,582
2514,646
2515,647
2516,647
2517,650
2518,650
2519,610
2520,610
2521,650
2522,650
2523,648
2524,647
2525,647
2527,582
2528,582
2530,584
2531,583
2532,610
2533,606
2534,610
2545,585
2546,585
2547,678
2548,697
2550,685
2551,238
2553,238
2554,243
2555,243
2556,243
2558,243
2559,243
2560,243
2561,244
2564,244
2565,688
2567,678
2568,678
2569,678
2570,585
2571,585
2574,607
2575,622
2576,622
2577,618
2578,618
2579,618
2580,618
2581,618
2582,617
2583,616
2584,717
2586,614
2587,614
2588,614
2589,609
2590,609
2591,609
2593,609
2594,608
2595,608
2597,608
2598,583
2599,583
2600,583
2601,582
2602,630
2605,581
2606,625
2607,581
2609,583
2610,605
2612,605
2613,608
2614,606
2615,585
2616,585
2617,607
2618,607
2620,607
2621,614
2622,614
2623,614
2625,616
2626,616
2627,616
2628,616
2630,619
2631,619
2632,619
2634,620
2635,620
2636,624
2637,622
2659,604
2660,606
2661,606
2662,606
2664,606
2665,610
2666,611
2667,611
2668,611
2669,613
2670,613
2671,613
2672,613
2673,616
2674,616
2675,616
2676,613
2677,613
2678,613
2679,613
2680,611
2681,611
2682,611
2683,610
2684,610
2686,606
2687,606
2688,605
2689,605
2690,605
2691,619
2692,619
2693,619
2694,619
2695,615
2696,615
2697,615
2698,603
2699,603
2700,602
2701,602
2702,602
2703,601
2704,601
2705,600
2706,600
2707,600
2708,600
2709,590
2710,590
2711,590
2712,589
2713,589
2714,589
2715,622
2717,206
2718,591
2719,591
2720,591
2721,591
2722,591
2723,599
2724,599
2725,599
2726,598
2727,598
2729,598
2730,598
2731,550
2732,550
2733,550
2734,603
2735,603
2736,621
2737,621
2738,621
2739,621
2740,620
2741,620
2742,620
2743,619
2744,620
2745,590
2746,590
2747,590
2748,590
2749,590
2750,590
2752,588
2753,588
2754,604
2755,665
2757,205
2758,205
2759,587
2760,587
2761,587
2762,605
2763,605
2765,584
2766,584
2767,584
2768,584
2769,584
2770,584
2773,583
2774,583
2775,581
2776,580
2777,580
2778,580
2779,205
2783,417
2784,416
2785,416
2786,416
2787,413
2788,413
2789,413
2790,413
2791,413
2792,413
2793,413
2794,413
2795,413
2796,413
2797,427
2798,427
2799,427
2800,427
2801,427
2802,427
2803,427
2804,427
2805,427
2806,427
2807,427
2808,428
2809,428
2810,428
2811,428
2812,428
2813,416
2814,416
2815,416
2816,416
2817,416
2818,417
2819,417
2821,201
2822,201
2823,201
2824,199
2825,199
2827,198
2829,4
2832,4
2833,5
2835,197
2836,197
2837,200
2838,201
2839,201
2840,201
2841,202
2842,205
2844,201
2845,201
2846,201
2847,201
2848,201
2849,200
2850,197
2851,197
2852,197
2853,197
2854,197
2855,197
2860,196
2861,196
2862,196
2863,200
2864,201
2865,201
2866,201
2867,201
2874,205
2875,593
2877,592
2878,599
2879,599
2880,597
2881,597
2883,551
2884,552
2885,552
2886,554
2887,554
2888,554
2889,554
2890,554
2891,552
2892,552
2893,552
2894,551
2895,551
2896,551
2897,597
2898,597
2899,597
2900,599
2901,599
2902,591
2904,342
2905,167
2906,133
2907,133
2908,133
2909,133
2910,319
2911,331
2912,331
2913,366
2914,366
2915,338
2916,339
2918,339
2919,339
2920,342
2921,342
2922,346
2923,342
2924,342
2925,339
2926,339
2928,338
2929,338
2930,366
2931,366
2932,364
2933,353
2934,353
2935,353
2936,595
2937,134
2938,134
2939,133
2940,134
2941,944
2942,944
2943,944
2944,944
3019,1106
3020,1106
3022,1108
3023,1108
3024,1108
3025,1108
3026,1108
3027,1111
3028,1111
3029,1111
3031,1111
3032,1111
3033,1112
3034,1112
3035,1112
3036,1112
3038,1114
3041,1113
3042,1113
3043,1113
3045,1111
3046,1111
3047,1109
3048,1109
3049,1109
3050,1109
3051,1109
3052,1109
3054,1109
3055,1106
3057,1106
3058,1106
3060,1104
3061,1104
3062,1104
3063,1099
3065,376
3066,376
3067,383
3068,383
3069,386
3070,386
3071,386
3073,386
3075,393
3077,393
3078,393
3079,393
3080,393
3081,393
3082,393
3083,385
3084,385
3085,385
3086,383
3087,383
3088,376
3089,376
3090,1094
3093,1112
3094,1091
3096,1093
3097,1093
3098,1093
3099,1093
3100,1093
3106,1094
3107,1094
3108,1094
3109,1097
3110,1097
3111,1097
3113,1097
3114,1097
3115,1097
3116,1097
3117,1097
3118,1097
3119,1097
3121,1097
3122,1097
3123,1097
3124,1096
3125,1104
3126,1104
3128,1104
3129,1104
3131,1103
3133,1103
3134,1103
3135,1103
3136,1105
3137,1101
3139,1101
3140,1101
3141,1101
3143,1101
3144,1101
3145,1101
3146,1101
3147,1101
3148,1101
3149,1101
3150,1101
3151,1101
3152,1101
3153,1100
3154,1100
3155,1102
3157,1105
3158,1105
3159,1103
3160,1103
3162,1103
3164,1104
3165,1104
3167,1104
3168,1098
3170,1098
3172,1098
3174,1098
3175,1097
3176,365
3177,1097
3178,1097
3179,1097
3181,1097
3182,1097
3183,1097
3184,1097
3185,1094
3186,1094
3191,1093
3192,1093
3193,1093
3194,1093
3195,1093
3196,1093
3197,1093
3198,1093
3199,1090
3201,1109
3202,1109
3203,1109
3204,1109
3205,1110
3206,1109
3207,1107
3208,1107
3209,1107
3210,1107
3211,1107
3212,1107
3213,1107
3214,1107
3215,1106
3216,1106
3218,1106
3219,1106
3221,1106
3222,1106
3223,1106
3224,1107
3225,1107
3226,1107
3227,1107
3228,1107
3229,1107
3230,1107
3231,1107
3232,1109
3233,1109
3234,1109
3235,1109
3236,1109
3237,1116
3239,1116
3240,1129
3241,1129
3242,1129
3243,1130
3244,1130
3245,1130
3246,1130
3247,1130
3248,1131
3249,1131
3250,1131
3251,1131
3252,1131
3253,1131
3254,1131
3255,1131
3256,1131
3257,1131
3258,1131
3259,1131
3260,1131
3261,1131
3262,1131
3263,1131
3264,1131
3265,1131
3266,1131
3267,1131
3268,1131
3269,1131
3270,1131
3271,1131
3272,1131
3273,1131
3274,1131
3276,1131
3277,1131
3278,1131
3279,1131
3280,1131
3281,1130
3283,1130
3284,1130
3285,1130
3286,1130
3287,1130
3288,1129
3289,1114
3290,1114
3292,1132
3295,1132
3297,1132
3298,1132
3299,1132
3300,1132
3301,1132
3302,1132
3303,1132
3304,1132
3305,1132
3306,1132
3307,1132
3308,1132
3309,1132
3310,1132
3311,1132
3312,1132
3313,1132
3314,1132
3315,1132
3316,1132
3317,1132
3318,1132
3320,1132
3321,1132
3322,1132
3323,1131
3326,1118
3327,1118
3328,1118
3330,1119
3331,1088
3332,1088
3333,1088
3335,1088
3336,1085
3337,1088
3338,1088
3339,1087
3341,1087
3342,1087
3343,1087
3344,1087
3345,1081
3347,1081
3348,1081
3349,1081
3350,1081
3351,1092
3352,1092
3353,1092
3354,1092
3355,1092
3356,1080
3358,1080
3359,1080
3360,1080
3361,1080
3362,1080
3363,1080
3364,1080
3365,1080
3366,1080
3367,1080
3368,394
3369,394
3370,392
3371,392
3372,392
3373,392
3375,395
3376,395
3377,394
3378,394
3379,394
3380,394
3381,1080
3382,1080
3384,1080
3385,1080
3386,1080
3387,1080
3388,1080
3389,1079
3391,1080
3392,1080
3393,1080
3394,1092
3395,1092
3396,1092
3397,1092
3398,1092
3399,1092
3400,1081
3401,1081
3402,1081
3403,1081
3404,1087
3405,1087
3406,1087
3407,1087
3408,1087
3410,1085
3411,1085
3412,1085
3413,1085
3415,1085
3416,1086
3417,1086
3418,1120
3420,1120
3421,1118
3422,1118
3423,1118
3425,1117
3426,1117
3455,1095
3458,1094
3460,1094
3461,1094
3462,1092
3463,1078
3464,1078
3465,1078
3466,1078
3467,1078
3468,1078
3469,1078
3470,1078
3471,1078
3472,1078
3473,1078
3474,1078
3476,1095
3477,1076
3478,1076
3479,1078
3480,1078
3481,1078
3482,1078
3483,1078
3484,1078
3485,1078
3486,1078
3487,1078
3488,1079
3489,1092
3490,1092
3491,1093
3493,1093
3495,1093
3496,1093
3513,577
3515,1116
3516,1116
3517,1121
3518,1121
3519,1121
3520,1121
3521,1121
3522,1121
3523,1121
3524,1127
3525,1127
3526,1127
3527,1127
3528,1127
3529,1127
3530,1126
3531,1817
3532,1817
3533,1817
3534,1817
3535,1817
3536,1817
3538,1817
3539,1817
3541,1817
3542,1817
3543,1818
3544,1818
3545,1818
3547,1856
3548,1855
3549,1855
3550,1855
3551,1855
3553,1857
3555,1857
3556,1853
3558,1853
3559,1853
3560,1853
3561,1853
3562,1853
3564,1858
3565,1858
3566,1858
3567,1858
3569,1858
3571,1861
3572,1860
3573,1860
3574,1861
3575,1861
3576,1861
3577,1861
3578,1861
3579,1861
3580,1861
3582,1858
3589,1858
3590,1858
3591,1858
3593,1853
3594,1853
3595,1853
3596,1853
3597,1853
3598,1853
3599,1853
3600,1853
3602,1853
3603,1854
3604,1853
3605,1854
3607,1854
3608,1854
3610,1815
3611,1815
3612,1815
3613,1815
3614,1816
3616,1816
3617,1816
3618,1816
3619,1816
3620,1816
3621,1816
3622,1816
3623,1816
3624,1816
3626,1128
3627,1128
3629,1127
3630,1122
3631,1122
3632,1122
3633,1122
3634,1122
3635,1122
3636,1122
3638,1122
3639,1122
3640,1116
3641,1815
3642,1815
3643,1815
3644,1815
3645,1815
3646,1815
3647,1815
3648,1815
3649,1815
3650,1815
3651,1815
3652,1815
3653,1815
3654,1815
3655,1815
3656,1815
3657,1815
3658,1815
3659,1815
3660,1817
3661,1817
3662,1817
3663,1817
3664,1817
3665,1817
3666,1817
3667,1817
3668,1819
3669,1819
3670,1819
3671,1822
3672,1822
3673,1822
3674,1826
3675,1826
3676,1827
3677,1827
3678,1827
3679,1827
3682,1827
3683,1828
3684,1828
3685,1823
3686,1823
3687,1823
3688,1823
3689,1823
3690,1823
3691,1823
3692,1823
3693,1823
3694,1823
3695,1823
3696,1823
3697,1823
3698,1823
3699,1820
3700,1818
3701,1818
3702,1818
3703,1818
3704,1818
3705,1818
3706,1817
3707,1817
3708,1817
3709,1821
3710,1821
3711,1809
3712,1809
3713,1809
3714,1813
3715,1813
3716,1813
3717,1813
3718,1813
3719,1813
3720,1814
3721,1814
3722,1814
3723,1814
3724,1124
3726,1124
3727,1125
3728,1124
3729,1124
3731,1120
3732,1121
3733,1121
3780,1808
3781,1803
3782,1803
3783,1803
3784,1120
3785,1120
3786,1120
3787,1120
3788,1124
3789,1124
3790,1124
3792,1124
3793,1124
3795,1814
3796,1814
3797,1814
3798,1814
3799,1813
3800,1813
3801,1813
3802,1813
3803,1813
3804,1813
3806,1809
3808,1824
3809,1824
3811,1824
3812,1824
3813,1824
3814,1824
3815,1824
3816,1824
3817,1829
3819,1829
3820,1829
3821,1825
3822,1825
3823,1825
3824,1825
3825,1127
3826,1127
3827,1127
3828,1127
3829,1127
3830,1127
3831,1127
3832,1125
3833,1125
3834,1125
3835,1125
3836,1125
3837,1126
3838,1125
3839,1125
3840,1127
3841,1127
3842,1127
3843,1127
3844,1127
3845,1121
3846,1119
3848,1119
3849,1119
3850,1119
3851,1119
3852,1119
3853,1119
3854,1812
3855,1812
3857,1795
3858,1795
3859,1795
3860,1795
3861,1795
3862,1795
3863,1795
3864,1795
3865,1797
3866,1797
3867,1797
3868,1803
3869,1803
3870,1803
3872,1803
3873,1803
3874,1803
3876,1803
3877,1803
3879,1803
3881,1804
3882,1804
3883,1804
3884,1804
3885,1804
3886,1804
3887,1804
3888,1804
3889,1804
3890,1804
3891,1730
3892,1730
3893,1730
3894,1730
3895,1730
3896,1730
3897,1730
3900,1730
3901,1730
3902,1730
3903,1730
3905,1730
3906,1730
3907,1730
3909,1804
3910,1804
3911,1804
3912,1804
3913,1804
3914,1804
3915,1804
3916,1804
3917,1804
3918,1803
3921,1803
3922,1803
3923,1803
3924,1806
3925,1803
3926,1803
3928,1803
3930,1803
3931,1797
3933,1797
3934,1797
3935,1797
3936,1795
3937,1795
3938,1795
3939,1795
3940,1795
3941,1795
3943,1812
3944,1812
3945,1119
3946,1119
3947,1119
3948,1119
3949,1119
3950,1119
3957,1120
3959,1120
3966,1730
3967,1729
3968,1729
3969,1729
3970,1729
3971,1729
3972,1729
3973,1729
3975,1729
3976,1729
3977,1729
3978,1729
3979,1729
3980,1729
3981,1729
3982,1729
3984,1728
3985,1728
3986,1728
3987,1728
3988,1770
3989,1728
3990,1728
3991,1728
3992,1728
3993,1728
3994,1728
3996,1729
3997,1729
3998,1729
3999,1729
4000,1729
4001,1729
4002,1729
4003,1729
4004,1729
4006,1729
4007,1729
4008,1729
4009,1729
4010,1729
4011,1803
4012,1797
4013,1797
4014,1797
4015,1797
4016,1797
4017,1794
4019,1794
4020,1794
4023,1796
4024,1796
4025,1801
4026,1801
4027,1801
4028,1801
4029,1797
4030,1803
4031,1803
4032,1799
4033,1799
4034,1799
4035,1799
4036,1799
4037,1800
4038,1800
4039,1800
4040,1696
4041,1696
4042,1696
4043,1696
4044,1696
4045,1696
4046,1696
4047,1696
4048,1696
4049,1696
4050,1696
4051,1696
4052,1698
4053,1698
4054,1698
4055,1698
4056,1698
4057,1698
4058,1698
4061,1702
4062,1698
4063,1702
4064,1702
4065,1698
4066,1696
4067,1696
4069,1696
4070,1696
4071,1696
4072,1696
4073,1696
4074,1696
4075,1696
4076,1696
4077,1696
4078,1696
4079,1800
4080,1800
4081,1800
4082,1800
4083,1801
4084,1801
4085,1801
4086,1801
4087,1792
4088,1082
4089,1082
4090,1082
4091,1082
4092,1082
4093,1082
4094,1082
4095,1082
4096,1082
4097,1087
4098,1087
4099,1084
4100,1084
4101,1085
4102,1084
4103,1084
4108,1086
4109,1086
4134,1075
4136,1075
4137,1075
4138,1075
4139,1075
4140,1075
4141,1075
4142,1075
4143,1074
4144,1074
4145,1074
4146,1074
4147,1077
4149,1077
4152,1077
4153,1077
4154,1077
4155,1077
4156,1077
4157,1077
4158,1070
4159,1070
4160,1070
4161,1070
4162,1070
4163,1070
4164,1070
4165,1692
4166,1692
4167,1692
4168,1692
4169,1692
4171,1692
4172,1693
4173,1693
4174,1693
4175,1694
4177,1695
4178,1695
4179,1695
4180,1695
4181,1695
4182,1695
4183,1697
4184,1697
4185,1697
4186,1697
4187,1697
4188,1700
4189,1700
4190,1700
4191,1700
4193,1077
4194,1077
4195,1077
4198,1077
4200,1077
4201,1077
4202,1074
4203,1074
4204,1075
4205,1075
4206,1075
4207,1075
4208,1075
4209,1075
4214,1701
4215,1701
4216,1701
4217,1701
4218,1701
4219,1701
4220,1701
4221,1703
4222,1703
4223,1703
4224,1703
4225,1703
4227,1703
4228,1703
4229,1703
4230,1723
4232,1726
4233,1726
4234,1726
4235,1703
4236,1703
4237,1703
4238,1703
4239,1703
4240,1703
4241,1703
4242,1703
4243,1703
4244,1701
4245,1701
4246,1701
4247,1701
4248,1701
4249,1701
4250,1701
4252,1701
4253,1702
4254,1702
4255,1702
4256,1702
4257,1702
4258,1702
4275,1702
4277,1698
4278,1698
4279,1698
4280,1697
4281,1697
4282,1697
4283,1697
4284,1697
4285,1697
4286,1695
4288,1695
4289,1695
4290,1695
4291,1695
4292,1693
4293,1693
4294,1693
4297,1692
4298,1692
4299,1692
4300,1692
4301,1692
4303,1070
4304,1070
4305,1070
4306,1070
4307,1070
4308,1070
4309,1070
4310,1077
4311,1077
4312,1077
4314,1090
4315,1090
4316,1090
4317,1090
4318,1091
4319,1091
4320,1091
4325,1091
4326,1092
4327,1092
4328,1092
4329,1092
4331,1079
4332,1079
4333,1079
4334,1079
4336,1079
4337,1079
4338,1079
4339,1077
4340,1077
4341,1077
4342,1077
4343,1077
4344,1077
4346,1075
4347,1075
4348,1075
4349,1075
4350,1075
4351,1075
4352,1075
4355,1072
4358,1072
4359,1072
4360,1072
4362,1072
4364,1077
4365,1077
4366,1077
4367,1077
4368,1077
4370,1077
4371,1077
4372,1079
4373,1079
4374,381
4375,1079
4376,1079
4378,1079
4379,1092
4380,1092
4381,1092
4382,1092
4383,1092
4390,1091
4391,1091
4392,1091
4393,1090
4394,1090
4395,1090
4396,1089
4398,1078
4399,1078
4400,1078
4401,1078
4402,1078
4403,1076
4404,1074
4405,1074
4406,1074
4407,1074
4408,1078
4409,1079
4410,1079
4411,1079
4413,1124
4414,1814
4416,1814
4418,1813
4419,1813
4420,1814
4422,1814
4423,1814
4426,1124
4427,1819
4428,1819
4429,1819
4430,1822
4431,1822
4432,1822
4433,1822
4434,1822
4435,1826
4439,1823
4440,1826
4441,1826
4443,1822
4444,1822
4445,1822
4446,1822
4448,1822
4449,1819
4450,1819
4451,770
4452,1165
4453,1164
4454,1156
4455,1164
4456,1164
4457,1164
4458,1155
4459,1155
4461,1155
4462,1154
4463,1154
4464,1154
4465,1154
4466,1155
4467,1152
4469,1152
4470,1152
4472,792
4473,792
4474,792
4475,792
4477,792
4478,792
4479,792
4480,791
4481,791
4482,791
4483,788
4484,788
4485,788
4486,788
4487,788
4488,766
4489,766
4490,766
4491,765
4492,765
4494,765
4495,796
4497,500
4498,497
4499,497
4500,497
4510,36
4511,36
4512,496
4513,496
4515,497
4516,796
4518,765
4520,765
4521,766
4522,766
4523,766
4524,767
4525,767
4526,486
4527,770
4528,770
4529,770
4530,770
4531,770
4532,774
4533,775
4534,775
4535,775
4536,775
4537,792
4538,792
4539,792
4540,792
4541,792
4543,1151
4544,1151
4545,1151
4546,1151
4547,1151
4549,1151
4550,1153
4551,1153
4553,1153
4554,1153
4555,1164
4557,1164
4558,1164
4559,1164
4560,1164
4561,1222
4562,1165
4563,1165
4569,1199
4570,1206
4571,1206
4572,1207
4573,1214
4574,1214
4575,1214
4576,1214
4577,1214
4578,1214
4579,1217
4580,1217
4581,1221
4582,1221
4583,1221
4584,1217
4585,1217
4586,1215
4587,1215
4588,1215
4589,1215
4590,1215
4591,1206
4592,1206
4593,1206
4594,1206
4595,1199
4596,1220
4597,1235
4601,1162
4602,1162
4603,1162
4604,1162
4605,1163
4606,1163
4607,1163
4608,1212
4609,1213
4610,1231
4611,1231
4612,1231
4613,1231
4614,1232
4615,1234
4620,1238
4621,1238
4622,1238
4623,1238
4624,1238
4651,1238
4652,1238
4653,1238
4654,1238
4662,1231
4663,1231
4664,1231
4665,1231
4666,1213
4667,1163
4668,1163
4669,1163
4670,1163
4671,1163
4672,1163
4673,1163
4674,1163
4681,1231
4682,1231
4683,1231
4685,1231
4686,1231
4687,1231
4688,1231
4701,758
4702,758
4703,757
4704,757
4705,757
4706,757
4707,757
4708,757
4709,494
4710,494
4711,494
4712,495
4713,495
4714,495
4715,496
4716,484
4717,483
4718,481
4719,481
4720,187
4721,187
4722,187
4727,187
4728,188
4730,190
4731,481
4732,481
4733,486
4735,496
4736,496
4738,494
4739,494
4741,757
4742,757
4743,757
4744,757
4745,757
4746,757
4747,757
4749,761
4750,761
4751,761
4752,763
4753,763
4754,763
4755,763
4756,763
4757,1136
4758,1136
4759,1136
4760,1136
4761,495
4762,1136
4763,1136
4764,1137
4765,1137
4766,1137
4768,1137
4769,1138
4770,1138
4771,1138
4772,1138
4773,1135
4774,1135
4776,1135
4777,1135
4779,1135
4781,1142
4782,1142
4784,1142
4785,1142
4786,1142
4787,1142
4788,1142
4789,1142
4790,1142
4791,1142
4792,1142
4793,1141
4794,1142
4795,1143
4796,1143
4797,1145
4799,1145
4800,1145
4801,1145
4802,1147
4803,1147
4804,1147
4805,1147
4806,1147
4807,1147
4810,763
4811,1136
4813,1134
4814,1134
4815,1134
4816,1133
4817,1133
4818,1133
4819,1133
4820,1133
4821,1133
4822,1133
4823,1135
4824,1135
4825,1135
4826,1135
4832,1147
4834,1147
4835,1147
4836,1147
4837,1147
4838,1148
4839,1145
4840,1145
4841,1145
4843,1145
4844,1143
4845,1143
4846,1141
4847,1141
4848,1141
4849,1141
4850,1141
4851,1142
4852,1142
4853,1142
4854,495
4855,495
4856,495
4857,1142
4858,1142
4859,1142
4860,1142
4861,1135
4862,1135
4864,1135
4865,1135
4866,1135
4868,1135
4869,1135
4870,1138
4872,1139
4873,1139
4874,1139
4875,1138
4876,1138
4877,1137
4878,1137
4879,1137
4880,1137
4881,1137
4882,1137
4883,1137
4885,1137
4886,764
4887,764
4888,764
4890,762
4891,762
4892,762
4893,760
4894,760
4895,760
4900,1135
4901,1135
4902,1135
4903,1134
4904,1134
4905,1134
4906,1134
4907,1134
4908,1134
4909,1134
4911,1134
4912,1134
4913,1134
4914,1136
4915,1136
4916,1136
4918,1205
4919,1205
4920,1208
4921,1208
4922,1208
4923,1208
4924,1209
4925,1209
4926,1209
4927,1209
4928,1209
4929,1211
4930,1212
4931,1219
4932,1219
4933,1219
4934,1218
4935,1218
4936,1210
4937,1210
4938,1210
4939,1210
4940,1208
4941,1208
4942,1208
4943,1207
4945,1205
4946,1205
4948,1213
4949,1212
4950,1212
4951,1213
4952,1213
4982,879
5002,572
5003,573
5004,573
5005,573
5006,573
5008,575
5012,619
5013,619
5014,619
5015,619
5019,615
5020,615
5021,615
5031,572
5032,554
5034,554
5035,556
5036,556
5037,556
5038,556
5039,556
5040,554
5045,466
5047,510
5048,511
5049,511
5050,511
5051,511
5052,509
5053,514
5054,515
5055,515
5056,515
5057,525
5058,525
5059,571
5060,549
5061,547
5062,547
5066,547
5067,547
5068,546
5069,546
5070,546
5072,541
5074,546
5075,546
5076,547
5077,547
5078,547
5079,547
5080,548
5081,547
5083,547
5084,547
5085,549
5086,549
5087,571
5088,571
5089,128
5090,126
5091,125
5093,120
5094,120
5095,120
5098,120
5099,120
5100,120
5104,615
5201,167
5202,167
5203,167
5210,439
5211,439
5212,440
5213,440
5214,440
5215,562
5217,432
5218,432
5219,432
5220,432
5221,432
5222,432
5223,433
5224,433
5225,433
5226,433
5227,310
5228,310
5229,310
5230,310
5231,310
5232,349
5233,347
5234,347
5235,347
5236,345
5241,306
5243,306
5244,306
5245,306
5246,433
5247,433
5248,433
5249,432
5250,432
5251,432
5252,432
5253,432
5254,432
5255,432
5256,432
5257,440
5258,440
5259,440
5260,440
5261,439
5262,439
5263,439
5264,567
5265,545
5266,545
5267,567
5268,543
5269,567
5270,562
5271,559
5274,562
5275,567
5276,543
5277,543
5279,545
5282,569
5283,569
5284,569
5285,569
5286,569
5287,569
5289,527
5290,554
5291,554
5292,553
5293,553
5294,553
5295,553
5296,553
5297,553
5298,550
5299,550
5300,550
5301,550
5302,598
5303,598
5305,598
5306,550
5307,550
5308,550
5309,550
5310,552
5311,552
5312,552
5314,552
5315,552
5316,554
5317,554
5319,554
5321,568
5322,568
5323,568
5324,568
5325,568
5327,541
5328,547
5330,548
5331,548
5332,548
5333,567
5334,545
5335,545
5336,545
5337,544
5338,544
5342,537
5343,527
5344,525
5345,524
5347,524
5348,523
5349,523
5350,515
5351,515
5352,515
5353,515
5354,514
5355,514
5356,518
5357,518
5358,518
5359,523
5360,523
5361,523
5362,524
5363,524
5364,524
5365,525
5366,527
5369,539
5373,527
5374,526
5375,525
5376,524
5377,524
5378,524
5379,522
5380,522
5381,522
5382,522
5383,522
5384,522
5385,522
5386,522
5387,522
5388,524
5389,524
5391,525
5392,525
5393,525
5394,525
5395,526
5396,508
5397,508
5398,508
5399,508
5400,508
5401,508
5402,508
5403,508
5404,508
5405,509
5406,509
5407,510
5408,510
5409,510
5410,510
5411,510
5412,510
5413,525
5414,525
5415,525
5416,525
5417,525
5418,523
5419,523
5420,523
5421,523
5422,522
5423,522
5424,521
5425,521
5426,521
5427,522
5428,522
5429,524
5430,524
5431,524
5432,536
5433,536
5434,536
5435,535
5436,533
5440,535
5441,535
5442,535
5443,538
5444,538
5445,539
5447,526
5448,526
5449,526
5450,176
5451,525
5452,525
5453,525
5454,525
5457,537
5459,537
5460,537
5461,537
5462,534
5463,534
5464,534
5465,534
5466,533
5467,533
5468,533
5469,533
5471,533
5472,533
5473,520
5474,520
5475,520
5476,520
5477,520
5478,521
5480,521
5481,521
5482,521
5483,519
5484,519
5485,514
5486,514
5487,514
5488,514
5489,514
5490,514
5492,514
5493,509
5494,509
5495,509
5496,509
5497,502
5498,502
5499,502
5500,502
5501,206
5502,206
5504,202
5505,206
5506,206
5507,502
5508,502
5509,502
5510,507
5511,507
5513,507
5514,513
5515,517
5517,513
5518,513
5519,517
5520,519
5521,519
5522,519
5523,519
5524,521
5525,520
5526,520
5527,520
5528,520
5529,520
5530,520
5531,520
5532,520
5537,489
5538,489
5539,489
5540,491
5541,491
5542,491
5543,491
5544,491
5546,491
5547,516
5549,516
5550,516
5552,516
5553,516
5554,517
5555,513
5556,513
5557,507
5558,507
5559,509
5560,509
5561,503
5562,492
5563,503
5565,505
5566,506
5567,506
5568,512
5569,516
5570,516
5571,516
5572,516
5574,516
5575,516
5576,516
5577,516
5578,491
5579,491
5580,491
5581,491
5582,491
5583,491
5585,489
5586,489
5587,477
5588,477
5589,477
5590,477
5591,476
5592,476
5593,476
5594,476
5595,476
5596,477
5597,477
5598,472
5599,472
5600,472
5601,471
5602,471
5603,471
5604,463
5605,463
5606,463
5607,463
5609,463
5611,462
5612,458
5613,458
5614,458
5615,459
5617,461
5618,471
5619,471
5620,471
5621,474
5623,474
5624,474
5625,476
5626,476
5627,476
5628,476
5629,476
5630,476
5631,476
5632,477
5633,477
5636,491
5637,505
5638,505
5639,505
5640,505
5642,505
5643,505
5644,505
5646,473
5647,473
5648,466
5650,464
5651,463
5653,463
5654,457
5656,457
5657,457
5658,455
5659,455
5664,179
5665,179
5666,182
5670,176
5673,455
5674,455
5675,460
5676,460
5678,459
5679,176
5682,464
5683,464
5684,473
5685,473
5687,506
5688,506
5689,506
5691,507
5692,507
5693,507
5695,505
5700,495
5701,496
5703,496
5704,496
5709,497
5711,489
5713,489
5714,490
5715,490
5718,469
5719,469
5720,469
5721,474
5722,474
5723,474
5724,474
5725,471
5726,463
5728,458
5729,458
5730,175
5731,175
5732,175
5733,175
5734,173
5736,173
5737,171
5740,171
5742,173
5743,177
5745,175
5746,175
5747,175
5748,458
5749,458
5750,461
5751,470
5752,470
5753,470
5754,470
5755,469
5756,469
5757,469
5759,488
5760,488
5761,488
5763,487
5765,487
5768,497
5770,496
5771,496
5774,496
5776,484
5779,484
5780,484
5781,480
5783,483
5784,483
5786,486
5788,487
5789,488
5790,488
5792,487
5794,486
5797,483
5798,483
5801,488
5802,488
5803,488
5804,488
5805,488
5806,481
5807,481
5808,481
5809,480
5810,480
5811,478
5812,478
5813,478
5814,478
5815,478
5816,478
5817,479
5818,479
5819,480
5820,480
5821,481
5822,482
5823,482
5824,488
5825,488
5826,488
5827,488
5828,489
5829,489
5830,489
5831,492
5832,492
5833,491
5835,489
5836,489
5837,489
5839,186
5841,186
5842,186
5843,186
5844,186
5846,176
5847,186
5848,179
5849,179
5850,180
5851,180
5852,178
5853,177
5854,180
5857,170
5858,169
5859,169
5860,168
5861,168
5862,169
5863,169
5864,169
5865,181
5867,180
5868,180
5869,180
5870,180
5871,180
5872,186
5873,186
5874,186
5875,186
5877,186
5878,186
5879,191
5880,191
5881,188
5882,188
5883,188
5884,188
5886,189
5887,189
5888,189
5889,189
5890,189
5891,189
5892,189
5893,189
5894,189
5895,189
5896,188
5897,176
5898,179
5899,178
5900,178
5901,177
5902,177
5903,177
5904,177
5905,178
5906,178
5907,179
5910,816
5911,817
5912,817
5913,817
5914,817
5915,817
5916,820
5917,820
5918,820
5919,820
5920,820
5921,820
5923,822
5924,822
5925,822
5926,820
5927,820
5929,819
5930,824
5931,825
5932,825
5933,825
5934,825
5935,825
5936,825
5938,816
5940,816
5941,816
5942,816
5944,816
5945,816
5946,816
5947,817
5948,817
5950,817
5951,536
5952,536
5954,536
5955,536
5962,546
5963,546
5967,549
5968,549
5975,815
5976,815
5978,815
5980,815
5982,815
5983,815
5985,815
5986,815
5987,815
5988,815
5990,549
5991,549
5992,549
5993,546
6022,430
6100,1159
6102,1161
6103,1160
6104,1160
6106,1160
6107,1160
6108,1160
6109,1158
6110,1158
6111,1158
6112,1158
6113,1158
6114,1158
6115,1158
6116,1150
6117,1150
6118,1150
6119,1150
6120,1150
6121,1149
6122,1149
6123,1149
6124,1149
6125,1149
6126,1149
6127,1140
6128,1140
6129,1140
6130,1140
6131,1140
6132,1140
6133,1140
6134,1140
6135,780
6136,780
6137,779
6138,779
6139,779
6140,779
6141,777
6142,779
6143,779
6144,779
6145,779
6146,780
6147,1140
6148,1140
6149,1140
6150,1140
6151,1140
6152,1140
6153,1140
6154,1140
6155,1140
6156,1139
6157,1149
6158,1149
6159,1149
6160,1149
6161,1149
6162,1149
6163,1149
6164,1150
6165,1150
6166,1150
6167,1150
6168,1150
6169,1150
6170,1157
6171,1159
6173,1159
6174,1159
6175,1159
6176,1159
6177,1159
6178,1159
6180,1161
6181,1160
6201,903
6202,902
6203,902
6204,902
6206,803
6207,803
6208,803
6212,803
6213,803
6217,902
6218,902
6230,803
6250,497
6251,498
6252,498
6253,498
6254,492
6255,498
6256,498
6257,498
6258,493
6259,498
6260,499
6262,499
6267,500
6269,499
6271,499
6272,493
6274,493
6275,493
6277,492
6278,492
6280,492
6281,492
6283,529
6284,529
6285,531
6292,189
6298,575
6299,575
6300,575
6301,575
6302,575
6303,575
6304,576
6305,576
6306,576
6307,576
6308,576
6309,576
6310,576
6311,576
6312,576
6313,576
6314,576
6315,576
6316,575
6317,575
6318,575
6319,575
6320,575
6321,575
6322,573
6323,573
6324,573
6357,417
6359,415
6360,415
6361,414
6362,414
6364,409
6365,409
6366,409
6368,409
6369,409
6370,409
6371,409
6372,410
6373,410
6374,414
6375,414
6376,414
6377,415
6378,417
6390,417
6391,418
6392,418
6393,418
6394,418
6395,418
6396,418
6397,418
6398,418
6399,418
6400,418
6401,418
6402,418
6403,418
6405,419
6406,419
6407,419
6408,419
6409,419
6410,419
6411,419
6413,419
6415,419
6417,419
6418,418
6419,418
6428,426
6430,426
6431,426
6432,426
6433,426
6459,412
6460,426
6461,426
6462,426
6463,426
6464,426
6466,417
6467,415
6468,415
6470,415
6471,411
6472,411
6473,412
6474,412
6476,412
6478,424
6479,424
6480,424
6495,348
6496,412
6498,412
6500,412
6502,411
6504,411
6505,415
6507,415
6508,415
6509,417
6512,421
6513,421
6514,421
6515,421
6516,416
6517,416
6519,416
6520,416
6521,416
6522,422
6523,422
6524,422
6526,422
6527,416
6528,416
6529,416
6530,416
6531,416
6535,53
6537,75
6538,17
6539,52
6542,81
6547,42
6548,48
6550,17
6551,56
6555,77
6564,19
6565,80
6567,69
6569,560
6570,299
6571,299
6573,298
6574,298
6575,296
6598,989
6600,759
6601,759
6602,759
6603,759
6604,759
6605,759
6606,759
6607,756
6609,756
6610,756
6611,756
6612,756
6613,756
6614,756
6615,756
6616,756
6617,756
6619,756
6623,756
6624,756
6625,756
6626,756
6627,756
6628,756
6629,756
6630,756
6631,756
6632,756
6633,756
6634,756
6635,756
6636,756
6637,756
6638,756
6639,756
6640,756
6641,756
6642,756
6643,756
6644,756
6645,756
6646,756
6647,756
6648,756
6649,759
6650,759
6669,759
6674,769
6675,771
6676,771
6677,774
6678,774
6679,774
6681,789
6682,787
6683,787
6684,787
6685,787
6686,787
6687,786
6688,786
6689,786
6690,786
6691,786
6692,786
6694,786
6695,784
6696,784
6697,784
6698,783
6699,783
6700,784
6701,784
6702,784
6704,784
6706,784
6707,784
6708,805
6709,805
6710,805
6711,805
6712,805
6713,807
6714,807
6715,807
6716,807
6717,807
6718,807
6719,806
6727,805
6728,805
6729,805
6730,805
6731,805
6732,805
6733,805
6734,805
6735,805
6736,805
6737,805
6738,784
6739,784
6741,784
6742,784
6744,784
6746,784
6747,783
6749,783
6750,783
6751,786
6752,786
6754,786
6755,786
6756,786
6757,782
6758,782
6759,788
6760,788
6761,788
6762,788
6763,788
6764,788
6766,789
6767,774
6768,774
6769,771
6770,771
6771,771
6773,769
6774,769
6780,771
6781,770
6782,770
6783,770
6784,770
6787,787
6788,787
6789,787
6790,787
6792,787
6793,787
6795,785
6796,785
6797,785
6798,785
6799,785
6807,785
6808,785
6809,785
6810,785
6811,787
6812,787
6814,787
6815,787
6816,787
6817,787
6818,787
6821,768
6822,768
6823,768
6824,768
6825,769
6827,769
6830,772
6831,772
6832,777
6833,777
6834,777
6835,777
6836,779
6837,779
6838,779
6839,779
6840,779
6841,780
6842,780
6843,780
6844,780
6845,780
6846,781
6847,781
6848,781
6849,781
6850,781
6851,792
6854,792
6855,792
6857,792
6858,793
6859,793
6860,793
6861,793
6862,793
6863,793
6900,1385
6902,1386
6941,880
6942,881
6943,881
6944,881
6945,881
6946,881
6947,857
6948,857
6949,857
6950,857
6951,854
6952,854
6953,853
6954,853
6955,853
6956,853
6957,853
6958,853
6959,853
6960,576
6961,576
7094,185
7096,182
7100,1186
7101,1186
7102,1186
7103,1186
7104,1186
7105,1186
7106,1186
7107,1172
7109,1172
7110,1172
7111,1172
7112,1172
7113,1172
7114,1172
7115,1172
7117,1180
7118,1180
7120,1180
7121,1180
7123,1180
7124,1173
7125,1173
7126,1177
7127,1177
7128,1177
7129,1175
7130,1175
7131,1175
7132,1175
7133,1174
7134,1174
7135,1174
7136,1174
7138,1166
7139,1166
7140,1166
7141,1166
7142,1166
7150,1165
7153,1161
7154,1161
7155,1161
7162,1166
7163,1166
7164,1166
7168,1174
7169,1176
7170,1176
7172,1176
7173,1177
7174,1177
7175,1177
7176,1177
7177,1177
7178,1180
7180,1180
7181,1180
7182,1180
7183,1172
7184,1172
7185,1172
7186,1172
7187,1172
7188,1172
7189,1172
7190,1172
7191,1186
7192,1186
7193,1186
7194,1186
7199,793
7200,793
7201,793
7202,793
7203,793
7204,793
7205,793
7206,793
7207,793
7208,793
7209,793
7210,792
7211,792
7212,792
7214,775
7216,775
7217,781
7218,781
7219,781
7220,781
7222,780
7223,780
7225,779
7226,779
7227,779
7228,779
7229,779
7230,777
7231,777
7232,777
7233,777
7234,772
7236,772
7240,771
7241,773
7242,774
7243,774
7244,774
7245,774
7246,774
7247,774
7248,774
7249,774
7250,775
7251,775
7252,775
7253,791
7254,791
7255,791
7256,791
7257,791
7258,793
7259,793
7260,793
7261,793
7262,793
7263,793
7265,793
7266,793
7267,793
7268,793
7269,1221
7270,1234
7271,1239
7272,1239
7273,1239
7274,1239
7275,1239
7276,1239
7277,1239
7278,1238
7288,789
7289,790
7290,793
7291,790
7292,790
7293,790
7294,790
7295,790
7296,789
7297,789
7298,791
7299,791
7300,791
7302,791
7303,791
7304,789
7305,789
7306,789
7307,789
7308,789
7309,770
7310,770
7311,771
7312,771
7313,777
7314,777
7315,776
7316,776
7317,776
7318,775
7319,791
7320,790
7321,790
7324,790
7326,790
7327,795
7328,795
7330,795
7331,795
7332,795
7333,795
7334,795
7335,795
7336,795
7337,795
7338,795
7339,795
7340,795
7341,795
7342,794
7343,794
7344,794
7345,794
7346,794
7348,794
7349,794
7350,794
7352,794
7353,794
7354,794
7355,790
7356,790
7357,790
7358,790
7359,790
7369,775
7370,775
7371,776
7372,776
7373,777
7374,777
7376,766
7377,766
7378,766
7379,782
7380,782
7381,782
7382,782
7383,783
7384,783
7385,783
7386,783
7388,799
7389,799
7390,799
7391,799
7392,799
7393,799
7394,799
7395,799
7396,798
7397,798
7398,798
7399,798
7400,798
7401,798
7403,798
7404,798
7405,501
7406,501
7407,501
7408,501
7409,501
7410,529
7411,529
7412,520
7413,520
7414,499
7415,499
7417,520
7418,529
7419,529
7420,501
7422,501
7423,501
7424,797
7426,797
7427,797
7428,797
7429,797
7430,797
7431,797
7432,797
7433,797
7434,797
7435,796
7436,796
7437,796
7438,796
7439,796
7440,796
7441,796
7442,796
7443,782
7444,782
7445,782
7446,782
7447,782
7448,782
7449,782
7450,766
7451,766
7452,765
7453,765
7464,799
7465,799
7466,799
7467,799
7468,799
7469,799
7470,799
7471,799
7472,799
7474,803
7475,803
7476,803
7477,803
7478,803
7481,811
7482,939
7483,811
7484,811
7485,812
7486,812
7488,813
7489,813
7490,813
7491,829
7492,829
7493,813
7494,813
7495,813
7497,981
7498,981
7502,803
7503,803
7504,803
7505,803
7506,803
7507,800
7508,800
7510,800
7511,800
7513,798
7515,798
7516,798
7517,798
7518,801
7519,801
7520,801
7521,801
7522,801
7523,801
7524,801
7525,801
7526,803
7529,809
7531,808
7532,808
7534,530
7536,530
7537,531
7539,533
7540,533
7541,532
7542,531
7543,531
7545,531
7547,530
7548,817
7550,808
7555,801
7556,801
7557,801
7558,801
7559,801
7560,801
7561,801
7562,801
7564,798
7565,798
7566,798
7567,798
7569,800
7570,800
7572,800
7573,803
7575,803
7576,803
7578,981
7579,990
7580,939
7582,810
7583,812
7585,812
7586,809
7587,809
7591,803
7595,800
7596,800
7597,799
7598,799
7599,799
7600,986
7602,986
7603,986
7605,987
7606,799
7607,799
7608,799
7609,799
7616,1011
7617,1011
7618,1011
7619,1011
7620,1010
7621,1010
7623,1026
7624,1008
7625,1008
7626,1008
7627,1008
7629,1005
7630,1005
7631,1005
7632,1005
7633,1005
7634,1000
7635,1000
7640,1000
7641,1000
7642,1001
7643,1005
7644,1005
7645,1005
7646,1005
7647,1008
7648,1008
7649,1008
7650,1008
7651,1007
7652,1010
7653,1010
7654,1010
7655,1009
7656,1009
7657,1009
7658,1009
7659,1009
7660,997
7670,987
7696,990
7697,962
7698,964
7699,963
7700,964
7705,937
7709,912
7710,913
7711,913
7712,937
7713,990
7718,980
7721,978
7722,978
7723,978
7724,978
7738,1006
7739,1006
7740,1006
7741,1006
7742,1004
7743,1004
7744,1004
7752,994
7753,994
7754,993
7755,993
7760,951
7761,951
7762,949
7763,949
7764,949
7774,965
7775,969
7776,970
7778,969
7779,969
7780,969
7781,969
7782,968
7783,968
7784,968
7785,966
7786,966
7787,966
7788,966
7789,966
7790,966
7791,966
7792,966
7793,980
7794,980
7795,980
7796,980
7797,989
7800,1001
7801,1001
7802,1001
7804,1002
7805,1002
7806,1002
7807,939
7808,992
7809,992
7810,992
7811,992
7812,992
7813,995
7814,995
7815,998
7816,998
7817,998
7818,998
7820,998
7825,1012
7826,1012
7827,1012
7828,1012
7830,1012
7831,1012
7832,1012
7833,1027
7834,1010
7835,1011
7836,1011
7837,1011
7838,1011
7839,998
7841,998
7842,998
7843,998
7844,998
7845,995
7846,995
7847,995
7848,992
7849,992
7850,992
7851,992
7852,992
7853,939
7854,1002
7855,1002
7856,1002
7858,1001
7859,981
7860,981
7861,981
7862,980
7863,980
7864,980
7865,981
7873,948
7874,949
7878,951
7879,1423
7880,1425
7881,1425
7882,1425
7883,1428
7884,1428
7885,1428
7886,1428
7887,1428
7888,1427
7889,1427
7890,1427
7891,1427
7892,1426
7893,1426
7894,1426
7895,1426
7896,1426
7897,959
7898,959
7899,959
7900,959
7902,953
7903,953
7904,953
7905,953
7906,953
7907,953
7908,953
7909,953
7910,951
7911,951
7912,951
7913,945
7914,945
7915,945
7916,945
7917,945
7918,945
7919,901
7921,901
7922,901
7953,905
7954,905
7955,906
7956,905
7957,905
7959,905
7960,906
7961,906
7962,906
7963,906
7965,906
7966,905
7967,905
7968,905
7969,897
7976,897
7977,905
7978,905
7979,905
7981,905
8144,1491
8145,1045
8146,1045
8147,1045
8148,1045
8149,1045
8150,1045
8151,1045
8152,1045
8153,1034
8154,1034
8155,1034
8156,1034
8157,1034
8158,1019
8159,1019
8160,1019
8161,1022
8162,1022
8163,1022
8164,1022
8165,1022
8166,1022
8167,1005
8168,1005
8169,1001
8170,1001
8171,1001
8172,1001
8173,1001
8174,935
8175,935
8176,935
8177,935
8178,934
8179,935
8180,935
8181,935
8182,935
8183,935
8185,1002
8186,1002
8187,1004
8188,1004
8189,1005
8192,1023
8193,1023
8194,1024
8195,1024
8196,1024
8197,1024
8198,1024
8199,1024
8200,1024
8202,1034
8203,1034
8204,1034
8205,1034
8206,1034
8207,1033
8208,1045
8209,1045
8210,1045
8211,1045
8212,1045
8213,1045
8229,1382
8230,1382
8231,1382
8232,1382
8233,1382
8234,1382
8235,1382
8236,1377
8237,1377
8238,1377
8239,1377
8240,1374
8241,1366
8242,1366
8243,1366
8244,1366
8245,887
8246,887
8247,887
8248,888
8249,888
8250,888
8251,888
8252,886
8253,886
8254,886
8255,859
8256,859
8257,859
8258,859
8259,858
8260,858
8261,858
8262,858
8263,858
8264,858
8265,858
8266,858
8267,858
8268,858
8269,904
8270,904
8271,904
8272,904
8273,905
8274,905
8275,896
8279,71
8281,79
8284,935
8285,1004
8291,938
8292,938
8293,938
8294,938
8295,933
8296,934
8297,934
8298,938
8301,571
8302,571
8303,574
8304,569
8305,569
8306,569
8307,569
8308,569
8310,32
8311,570
8312,570
8313,570
8314,570
8315,570
8316,570
8317,571
8318,1181
8319,1181
8320,1181
8323,1180
8324,1180
8325,1181
8326,383
8327,377
8328,421
8329,421
8330,421
8331,421
8332,421
8333,421
8334,421
8335,421
8336,531
8337,421
8338,531
8339,938
8340,387
8341,387
8342,386
8343,421
8344,416
8351,1180
8352,1180
8353,1187
8354,1186
8355,1186
8356,1187
8357,1180
8358,1180
8383,980
8390,445
8391,445
8392,444
8393,444
8394,444
8428,901
8429,901
8430,945
8431,945
8432,945
8433,945
8434,945
8435,945
8436,944
8437,951
8438,951
8439,951
8440,953
8441,953
8442,953
8443,953
8444,953
8445,953
8446,953
8447,953
8448,953
8449,960
8450,960
8451,960
8452,960
8453,1426
8454,1426
8455,1426
8456,1426
8457,1426
8458,1425
8459,1425
8460,1428
8461,1428
8462,1428
8463,1428
8464,1428
8465,1428
8466,1428
8467,1425
8468,1425
8469,1425
8470,1423
8471,1423
8472,447
8473,447
8474,1051
8475,1051
8476,1051
8477,1051
8478,1051
8479,1051
8480,1051
8481,1051
8482,1051
8483,1051
8484,1051
8485,1051
8486,1051
8487,1051
8488,1048
8489,1048
8490,1048
8491,1048
8492,1042
8493,1042
8494,1042
8495,1042
8496,1042
8497,1042
8498,1042
8499,1036
8500,1036
8501,1036
8502,1036
8503,1037
8504,1018
8505,1018
8506,1018
8507,1018
8508,1020
8509,1020
8510,1020
8511,1020
8512,1020
8513,1014
8514,1014
8515,1014
8516,1013
8517,1021
8518,1021
8519,1021
8520,1021
8521,1021
8522,1020
8523,1020
8524,1020
8525,1020
8526,1019
8527,1019
8528,1035
8529,1036
8530,1036
8531,1036
8532,1036
8533,1036
8534,1043
8535,1043
8536,1043
8537,1043
8538,1043
8539,1047
8540,1047
8541,1047
8542,1047
8543,1047
8544,1050
8545,1051
8546,1051
8547,1051
8548,1051
8549,1051
8550,1051
8551,1051
8552,1051
8553,1051
8554,1051
8555,1051
8556,1051
8557,447
8575,530
8576,530
8577,530
8590,944
8591,944
8592,944
8593,944
8594,944
8595,948
8596,948
8597,948
8598,948
8599,948
8600,951
8601,951
8602,949
8603,949
8604,949
8605,949
8606,949
8607,949
8608,949
8609,950
8610,950
8611,954
8612,955
8623,955
8624,955
8625,955
8627,949
8628,949
8629,949
8630,949
8631,943
8632,943
8633,943
8634,943
8635,943
8636,951
8637,948
8638,948
8639,948
8640,948
8641,948
8642,944
8643,944
8644,944
8645,944
8646,944
8647,944
8648,944
8649,944
8650,944
8651,944
8670,991
8671,991
8672,991
8674,991
8675,991
8676,991
8678,991
8679,938
8680,383
8681,383
8682,385
8683,385
8684,385
8685,392
8686,392
8687,392
8691,546
8692,576
8717,382
8750,348
8801,387
8802,386
8803,386
8805,386
8806,386
8807,377
8808,377
8809,383
8811,394
8812,394
8813,394
8814,394
8815,934
8816,934
8817,934
8818,933
8819,938
8820,938
8821,938
8822,938
8823,938
8824,938
8825,990
8826,990
8828,990
8830,990
8831,981
8832,981
8833,981
8841,979
8842,979
8843,979
8844,977
8845,977
8846,977
8848,977
8849,982
8850,982
8851,161
8852,872
8853,872
8854,872
8855,872
8856,872
8857,872
8858,872
8860,872
8861,872
8862,873
8863,873
8864,874
8865,874
8866,874
8867,878
8868,878
8869,878
8870,880
8901,980
8904,980
8905,980
8906,980
8907,964
8908,964
8909,964
8910,964
8911,964
8912,964
8913,967
8914,967
8915,967
8916,967
8918,967
8919,969
8920,969
8921,968
8922,968
8923,969
8924,969
8925,969
8926,969
8928,969
8929,969
8930,969
8931,967
8932,967
8940,416
8941,416
8942,416
8943,416
8944,416
8946,422
8947,422
8948,422
8949,422
8950,422
8951,422
8952,422
8954,422
8955,422
8958,421
8959,421
8960,421
8961,421
8962,421
8963,421
8964,421
8970,422
8971,421
8973,421
8975,421
8993,259
9000,536
9001,536
9002,536
9003,536
9006,817
9008,817
9009,817
9011,817
9013,816
9014,816
9018,531
9019,532
9020,532
9021,533
9023,533
9024,533
9025,534
9026,535
9028,547
9029,545
9030,545
9031,1013
9032,545
9033,543
9034,543
9035,543
9036,543
9037,561
9038,562
9039,562
9040,562
9041,562
9042,563
9043,563
9045,562
9047,562
9048,561
9049,561
9050,561
9051,543
9052,543
9053,543
9054,543
9055,544
9056,544
9057,544
9058,544
9060,534
9061,534
9063,534
9067,529
9068,529
9069,529
9070,529
9071,825
9073,825
9074,825
9075,824
9076,824
9077,821
9078,821
9079,821
9080,822
9081,822
9082,822
9083,822
9084,822
9085,820
9086,820
9087,820
9088,820
9089,820
9090,820
9091,820
9092,820
9093,820
9095,820
9096,820
9097,820
9098,820
9099,819
9100,819
9101,576
9102,576
9103,853
9104,853
9105,853
9106,853
9107,853
9108,853
9109,853
9110,854
9111,854
9113,857
9114,857
9115,857
9116,857
9117,857
9118,882
9119,882
9120,882
9121,882
9122,882
9123,882
9124,882
9125,880
9127,882
9128,878
9129,878
9130,878
9131,874
9133,874
9134,873
9135,872
9136,872
9137,872
9139,872
9140,872
9142,872
9143,872
9144,872
9145,576
9146,576
9147,576
9149,575
9150,575
9151,572
9152,566
9153,566
9154,566
9155,566
9156,566
9157,566
9158,564
9159,564
9160,563
9161,563
9162,562
9163,564
9164,564
9165,566
9167,566
9168,566
9169,566
9170,566
9171,566
9172,572
9174,573
9175,573
9176,576
9177,576
9178,576
9179,837
9181,837
9182,830
9183,830
9184,830
9185,828
9186,828
9187,828
9188,827
9189,827
9190,827
9191,827
9192,827
9193,823
9194,824
9195,824
9196,824
9197,824
9198,819
9199,819
9200,819
9201,819
9202,819
9203,819
9204,819
9205,816
9206,816
9207,816
9209,542
9210,542
9211,542
9212,542
9213,542
9214,540
9215,539
9216,539
9217,538
9218,538
9219,536
9220,536
9221,816
9222,816
9223,816
9224,816
9225,816
9226,816
9227,819
9228,819
9229,820
9230,821
9231,821
9232,823
9233,823
9235,823
9236,823
9237,823
9238,827
9239,827
9240,827
9241,827
9242,827
9243,828
9244,828
9245,828
9246,830
9247,830
9248,830
9249,830
9250,836
9251,836
9254,1273
9255,1273
9256,1273
9257,1273
9258,1274
9259,1274
9260,839
9261,835
9262,835
9263,835
9264,835
9265,835
9266,835
9267,835
9268,835
9269,835
9270,835
9271,835
9272,835
9273,835
9274,836
9275,836
9276,836
9277,836
9278,835
9279,835
9280,835
9281,835
9283,835
9284,835
9285,835
9286,835
9287,835
9288,835
9289,835
9291,835
9292,835
9293,1274
9294,1274
9295,1273
9296,1273
9297,1269
9300,1272
9301,1272
9304,839
9305,838
9306,838
9307,837
9308,837
9309,838
9310,838
9313,1272
9314,1272
9315,1272
9318,560
9319,562
9326,549
9327,1273
9328,549
9339,532
9340,532
9343,816
9406,350
9421,125
9434,261
9441,268
9448,341
9492,1001
9518,962
9521,990
9522,983
9525,977
9526,977
9780,213
9955,131
9960,132
9980,71
9981,71
9982,71
9983,74
10000,71
10003,315
10005,129
10006,129
10007,129
10008,121
10009,1862
10010,132
10011,121
10012,124
10013,124
10014,129
10015,125
10016,873
10031,158
10032,158
10033,161
10100,315
10101,315
10134,318
10413,344
10417,346
10418,346
10419,424
10420,346
10421,424
10422,424
10423,424
10424,412
10425,412
10426,424
10427,349
10522,346
10540,389
10569,400
10582,402
10590,122
10603,430
10612,435
10618,1060
10625,434
10633,427
10642,348
10768,438
10769,435
10777,438
10820,446
10821,446
10830,446
10832,1056
10833,1056
10923,410
11070,223
11071,223
11111,357
11131,303
11148,321
11149,321
11158,124
11164,307
11187,343
11218,136
11219,144
11228,313
11241,133
11242,133
11243,133
11245,113
11257,324
11259,325
11302,732
11319,146
11323,324
11366,745
11384,111
11388,109
11390,106
11391,93
11410,632
11413,344
11419,146
11481,115
11482,317
11501,331
11511,135
11512,366
11520,262
11521,348
11531,332
11532,152
11545,751
11587,346
11592,320
11593,321
11609,302
11613,434
11673,859
11689,1379
11694,1365
11708,352
11712,405
11719,407
11735,379
11736,379
11771,643
11780,281
11781,281
11792,314
11799,281
11802,280
11803,286
11809,729
11835,750
11836,754
11837,755
11839,1051
11845,750
11853,1498
11860,430
11868,429
11891,48
11917,750
11939,307
11971,223
11972,223
12081,212
12144,715
12145,715
12146,715
12147,715
12148,715
12149,715
12295,718
12301,704
12323,898
12352,893
12360,898
12376,558
12432,893
12465,903
12468,903
12610,583
12614,694
12615,607
12616,607
12618,1055
12636,624
12637,891
12638,891
12639,891
12640,891
12641,892
12642,892
12643,895
12645,894
12648,894
12649,894
12650,891
12651,891
12652,891
12653,891
12654,891
12759,587
12767,584
12783,416
12789,413
12812,428
12817,416
12821,201
12826,198
12828,197
12829,198
12836,192
12837,193
12838,193
12853,194
12855,193
12856,193
12858,193
12859,193
12860,194
12862,194
12866,201
12879,595
12880,595
12888,554
12891,58
12932,364
12940,167
12941,944
13093,1091
13121,363
13142,1101
13245,1130
13321,336
13378,393
13400,1081
13402,1088
13403,1088
13404,1088
13406,1089
13407,1089
13590,291
13618,1055
13685,1828
13817,1830
13818,1830
13819,1830
13820,1830
13821,1833
13822,1833
13823,1833
13824,1835
13825,1836
13826,1836
13827,1840
13828,1841
13829,1841
13830,1842
13831,1841
13832,1840
13833,1836
13834,1836
13835,1835
13836,1833
13837,1833
13838,1833
13839,1831
13840,1831
13841,1831
13842,1825
13843,1825
13844,1832
13845,1832
13846,1832
13848,1832
13849,1828
13850,1828
13851,1828
13852,1828
13853,1832
13854,1832
13855,1832
13856,1832
13857,1832
13858,1834
13859,1832
13959,1120
14030,1803
14031,662
14039,1800
14056,1698
14150,630
14180,1695
14211,1076
14225,1703
14233,1726
14301,1803
14302,1808
14320,1091
14331,1079
14383,1087
14423,1814
14460,1155
14464,1154
14465,1154
14468,1152
14470,1152
14481,925
14544,1151
14546,1151
14548,1151
14551,1153
14552,1153
14553,1153
14572,1206
14586,1215
14594,1206
14609,1213
14612,1231
14614,1232
14618,1055
14717,486
14726,182
14731,364
14748,758
14752,763
14822,1133
14831,317
14836,1147
14860,1142
14868,1135
14875,1138
14925,1209
14929,1211
14935,1209
14936,1210
14937,1210
14940,1208
15002,572
15038,556
15045,466
15046,465
15047,462
15048,462
15049,462
15050,462
15052,462
15053,464
15054,464
15055,464
15058,843
15059,571
15060,571
15061,571
15088,128
15094,120
15095,115
15100,367
15176,122
15201,167
15216,432
15235,345
15236,344
15241,306
15256,441
15291,748
15351,750
15431,540
15566,506
15618,1055
15625,505
15645,505
15649,475
15650,475
15651,475
15660,339
15661,338
15778,484
15782,485
15787,487
15795,484
15820,328
15832,492
15857,170
15880,191
15940,816
15945,817
15969,815
15970,815
15971,815
15974,815
15975,818
15976,815
15977,818
15978,818
15979,843
15982,843
15983,842
15984,842
15985,847
15986,847
15987,847
15988,850
15989,851
15990,851
15992,846
15993,845
15994,842
15995,842
15999,843
16000,815
16001,815
16102,1161
16118,1150
16126,1149
16131,1140
16132,1140
16156,1139
16170,1157
16177,1160
16304,578
16305,578
16310,576
16316,577
16358,415
16360,414
16364,409
16365,409
16369,409
16391,417
16403,418
16434,411
16458,407
16459,407
16466,420
16479,424
16498,412
16500,411
16535,55
16538,65
16539,53
16551,57
16606,759
16616,756
16618,1055
16619,756
16642,756
16653,758
16683,793
16730,805
16734,784
16739,784
16881,1366
16901,1365
16971,1382
17000,1037
17001,1041
17002,973
17003,973
17005,974
17006,974
17007,973
17008,974
17009,974
17011,968
17091,185
17093,185
17094,185
17095,185
17096,139
17100,1186
17101,1186
17102,1186
17142,1166
17143,1166
17144,1165
17150,1165
17153,1165
17154,1165
17155,1166
17156,1166
17166,1174
17170,1176
17255,789
17288,789
17291,785
17316,776
17325,790
17347,794
17354,790
17370,775
17391,346
17401,346
17411,346
17419,501
17421,346
17422,501
17429,797
17449,782
17456,531
17463,531
17562,801
17591,803
17645,1005
17670,984
17711,936
17774,970
17861,290
17862,290
17863,290
17879,1423
17922,901
18144,1491
18239,1374
18241,1370
18244,887
18245,1371
18246,1372
18247,1373
18248,1374
18249,1374
18251,1373
18253,1365
18272,904
18335,980
18338,531
18351,1181
18511,407
18542,1047
18581,432
18618,1055
18636,951
18691,429
18924,968
18925,968
18926,968
18928,975
18929,976
18930,976
18931,975
18932,975
18974,1059
18975,1059
19073,825
19182,830
19201,228
19208,816
19215,539
19253,1271
19402,123
19573,815
19618,1055
19661,1039
19666,1040
19821,753
20009,316
20618,1055
20619,1611
20620,1611
20761,689
21111,357
21148,321
21151,323
21158,124
21171,922
21187,343
21317,292
21365,297
21411,556
21511,135
21587,346
21618,1055
21772,645
21773,643
21835,750
21839,447
21916,754
21917,750
22173,645
22358,903
22365,297
22549,694
22618,1631
22628,1055
22661,890
22671,890
22751,891
22818,417
22819,417
22821,420
22879,595
23151,703
23391,111
23402,1088
23403,1088
23404,1088
23406,1088
23407,1089
23530,893
23531,893
23532,893
23533,893
23535,893
23536,893
23537,893
23538,893
23618,1631
23821,602
23823,1835
23826,1836
23832,1836
23835,1835
23921,587
23951,600
24281,721
24481,663
24482,663
24483,651
24484,651
24485,652
24486,652
24487,651
24488,651
24489,651
24490,651
24581,614
24586,1215
24610,718
24618,1631
24619,1056
24621,720
24628,1631
24716,485
24717,485
24940,1207
25051,462
25059,571
25089,128
25202,154
25203,167
25236,344
25618,1631
25641,684
25711,585
25712,585
25713,608
25800,155
25969,815
25974,815
25986,847
25988,850
25989,851
25990,851
25991,846
25992,845
25996,842
26131,605
26434,411
26459,408
26466,417
26467,420
26495,423
26500,411
26531,417
26551,15
26618,1633
26619,1635
26620,1635
26621,1637
26622,1637
26623,1637
26624,1647
26625,1647
26626,1647
26627,1647
26628,1646
26629,1646
26630,1645
26631,1646
26632,1646
26633,1647
26634,1647
26635,1647
26636,1637
26637,1637
26638,1637
26639,1636
26640,1636
26734,784
27092,185
27618,1633
28001,597
28281,198
28310,33
28618,1633
28741,205
28742,594
28743,594
29050,133
29051,133
29052,133
29253,1266
29618,1633
30009,316
30203,36
30233,13
30235,11
30239,137
30249,140
30250,142
30251,142
30256,140
30270,160
30271,160
30272,160
30287,156
30294,147
30336,384
30618,1636
30619,1611
30620,1611
30631,1099
30751,1099
30752,1099
31111,358
31187,343
31255,142
31256,140
31257,140
31258,142
31259,142
31317,292
31318,292
31365,297
31391,276
31618,1634
31619,1611
31628,1624
31835,751
31836,755
31839,447
31852,1502
31861,1094
31916,754
31918,265
32000,1090
32001,1090
32002,1090
32003,1090
32004,1090
32005,1090
32358,898
32549,685
32619,1615
32628,1624
32638,1624
32681,1131
32760,1131
32818,420
32831,1130
32840,201
32879,595
32910,1117
32911,1117
32912,1116
33076,393
33077,393
33241,1115
33618,1624
33619,1615
33632,1080
33634,1080
33635,1097
33691,394
33761,394
34021,1081
34513,277
34514,109
34589,742
34618,1624
34619,1615
34879,1423
35201,167
35202,167
35236,344
35301,1126
35571,1853
35618,1624
35704,496
35711,1861
35751,470
35765,487
35772,496
35773,496
35830,489
36031,1854
36434,411
36459,408
36466,417
36479,423
36481,1815
36495,423
36500,424
36538,121
36539,114
36540,113
36541,115
36618,1624
36701,1822
36734,784
36821,1828
36831,1828
36841,1828
36842,1862
36843,1862
36844,1823
36845,1828
36961,1823
37080,1821
37111,380
37150,1165
37618,1624
37879,1423
38155,1028
38411,1127
38481,1119
38482,1119
38483,1119
38484,1119
38485,1120
38486,1812
38487,1812
38488,1814
38489,1814
38490,1812
38492,1812
38493,1812
38494,1811
38495,1811
38496,1811
38497,1811
38498,1811
38499,1811
38501,1811
38502,1811
38618,1624
38671,1808
38771,1803
38812,394
38813,394
38814,394
38815,394
39081,1804
39618,1648
39671,1119
39672,1120
39673,1120
39674,1120
39675,1120
39676,1812
39677,1812
39678,1814
39679,1814
39681,1812
39682,1812
39683,1812
39684,1811
39685,1811
39686,1811
39687,1811
39688,1811
39689,1811
39691,1811
39692,1810
39870,1771
39941,1729
39942,1729
40001,326
40009,132
40618,1648
40619,1611
41031,1086
41032,1084
41033,1083
41035,1084
41111,356
41187,343
41391,276
41618,1648
41686,885
41692,1375
41693,1375
41694,1375
41835,751
41836,755
41839,447
41852,1502
41883,551
41916,754
42111,356
42430,1703
42618,1649
42818,420
42819,420
42820,421
42876,593
42879,595
42883,551
42885,552
42951,1692
43011,1691
43551,1072
43618,1649
43781,1079
44330,526
44341,1826
44342,1826
44413,526
44470,1822
44541,1155
44618,1649
44661,1156
44762,495
45002,572
45003,572
45059,549
45079,548
45080,548
45211,765
45261,486
45327,528
45330,526
45331,526
45332,548
45378,522
45406,510
45410,527
45411,527
45413,526
45414,526
45417,528
45428,522
45534,500
45581,491
45618,1649
45807,481
45811,478
45816,478
45821,1221
45830,492
45833,492
45835,492
45836,492
45838,489
46170,463
46267,530
46268,530
46275,492
46276,492
46434,410
46435,408
46459,408
46467,420
46495,423
46500,424
46618,1624
46619,1615
46734,784
47170,1170
47526,803
47527,803
47532,817
47548,817
47618,1624
47619,1615
47620,1615
47879,1423
48304,569
48336,530
48337,530
48541,495
48575,530
48618,1624
48619,1611
48812,394
49001,61
49002,80
49003,114
49040,562
49061,534
49067,529
49096,562
49156,565
49157,566
49158,565
49164,564
49220,816
49221,816
49253,1272
49305,838
49309,838
49311,839
49320,544
49618,1624
49619,1611
49702,33
49703,35
49704,40
49738,1366
49739,1374
49795,1419
49796,1419
49797,1419
49798,1419
49800,1420
49801,1420
49802,1420
49803,1420
49804,1369
49806,1368
49807,1369
49808,1370
49810,1421
49816,886
49817,884
49818,884
49820,884
49821,884
49822,884
49823,884
49824,881
49825,862
49826,882
49827,882
49828,883
49829,879
49830,879
49831,879
49832,879
49833,862
49834,862
49835,862
49836,862
49837,862
49838,862
49839,862
49841,861
49842,861
49846,1421
49847,1421
49848,1369
49849,1369
49850,1369
49901,862
49902,864
49903,862
49904,862
49905,862
49906,862
49907,862
49908,862
49909,862
49910,874
49911,874
49913,879
49914,879
49915,879
49916,882
49917,882
49918,880
49919,884
49920,884
49921,884
49923,884
49924,884
49926,886
49927,886
49939,1378
49942,1369
49943,1369
49946,1420
49947,1420
49948,1420
49949,1420
49950,1387
49999,863
50021,572
50618,1624
50619,1611
50620,1611
50881,571
50902,861
50916,882
50920,884
50939,1379
50944,1369
51111,355
51187,345
51317,278
51365,297
51618,1624
51835,751
51836,755
51839,447
51852,1499
51917,751
51918,751
52618,1624
52818,420
53270,541
53618,1624
54618,1624
54651,534
55011,206
55012,206
55600,375
55618,1634
55631,503
55632,503
55633,503
55867,173
56170,463
56434,408
56459,408
56479,423
56495,424
56500,424
56567,417
56618,1634
56641,179
56734,784
57400,171
57618,1634
58618,1634
59618,1634
59817,884
59837,862
59901,862
59908,862
60618,1631
60620,1611
61187,345
61365,300
61391,276
61618,1631
61835,754
61836,447
61839,447
61842,1648
61847,1649
61848,1624
61851,1624
61852,1499
61857,1634
61861,1631
61866,1055
61867,1055
61871,1059
61872,1060
61916,751
62618,1631
63241,572
63242,572
63618,1631
63621,410
64000,322
64001,418
64171,418
64618,1055
65541,1027
65542,1027
65543,1027
65544,1027
65545,1027
65546,1027
65547,1010
65618,1055
65741,296
66434,408
66459,408
66460,408
66500,351
66618,1055
66721,769
66731,769
66734,784
66761,771
66854,792
67120,444
67202,814
67618,1055
68510,792
68618,1058
69618,1058
70001,348
70002,308
70003,308
70004,304
70005,304
70006,332
70007,332
70008,291
70009,291
70010,290
70011,290
70012,277
70013,277
70014,111
70015,111
70016,80
70017,80
70018,69
70019,69
70020,52
70021,52
70022,36
70023,36
70024,32
70025,32
70026,2
70027,2
70028,203
70029,203
70030,205
70031,205
70032,559
70033,559
70034,541
70035,541
70036,549
70038,32
70039,36
70040,36
70041,36
70042,36
70043,12
70044,12
70045,171
70046,171
70047,182
70048,182
70049,182
70050,182
70051,191
70052,191
70053,191
70054,191
70055,480
70056,480
70057,484
70058,484
70060,484
70061,727
70063,615
70064,615
70065,703
70066,703
70067,689
70068,689
70069,654
70070,654
70071,640
70072,640
70073,25
70074,25
70075,71
70076,71
70077,52
70078,52
70079,19
70080,19
70081,147
70082,147
70083,154
70084,154
70085,359
70086,359
70087,363
70088,363
70089,368
70090,368
70091,374
70092,374
70093,392
70094,392
70095,359
70096,359
70097,1104
70098,1104
70099,1095
70100,1095
70101,1090
70102,1090
70103,1086
70104,1086
70105,1808
70106,209
70107,209
70110,210
70111,210
70112,219
70113,219
70114,220
70115,220
70116,218
70117,218
70120,229
70121,229
70124,229
70125,229
70126,230
70127,230
70128,234
70129,234
70130,234
70131,234
70134,236
70135,236
70136,237
70137,237
70138,252
70139,252
70140,251
70141,251
70142,251
70143,251
70144,253
70145,253
70146,253
70147,253
70148,258
70149,258
70150,259
70151,259
70152,93
70153,93
70154,104
70155,104
70156,97
70157,97
70158,71
70159,71
70160,1028
70161,1028
70162,1027
70163,1027
70164,1033
70165,1033
70166,1032
70167,1032
70168,1036
70169,1036
70170,1037
70171,1037
70172,1038
70173,1038
70174,750
70175,750
70176,749
70177,749
70178,745
70179,745
70180,745
70181,745
70182,735
70183,735
70186,261
70187,261
70196,71
70197,71
70198,71
70199,71
70200,71
70201,36
70202,36
70203,32
70204,32
70205,2
70206,2
70207,1
70208,1
70209,630
70210,630
70211,729
70212,729
70213,729
70214,729
70215,729
70216,729
70217,729
70218,729
70219,734
70220,734
70223,733
70224,733
70225,733
70226,733
70227,733
70228,733
70229,739
70230,739
70231,741
70232,741
70233,739
70234,739
70235,740
70236,740
70237,211
70238,211
70239,106
70240,106
70241,273
70242,273
70243,276
70244,276
70245,278
70246,278
70247,282
70248,282
70249,287
70250,287
70251,293
70252,293
70253,296
70254,296
70255,296
70256,296
70257,297
70258,297
70259,298
70260,298
70261,392
70262,392
70263,395
70264,395
70265,395
70266,395
70267,1078
70268,1078
70269,1075
70270,1075
70271,1075
70272,1075
70273,1075
70274,1075
70275,407
70276,407
70278,594
70279,594
70618,1059
70619,1611
70620,1611
71187,347
71391,274
71618,1060
71835,754
71852,1498
71855,103
71916,751
73411,795
73618,1649
73619,1648
74611,19
74612,135
74613,139
74614,139
74615,139
74616,135
74617,19
74624,139
74910,830
74981,981
75467,417
75618,1648
75731,803
75791,990
76031,986
76051,988
76052,988
76171,1011
76251,1008
76378,417
76431,1005
76434,408
76459,408
76479,348
76495,424
76500,350
76561,1009
76591,997
76592,997
76593,997
76594,997
76595,997
76596,993
76597,993
76618,1648
76734,784
77051,937
77053,912
77110,937
77152,913
77241,978
77242,978
77243,978
77244,979
77245,979
77375,997
77376,996
77377,996
77378,996
77379,996
77521,994
77541,993
77551,993
77618,1648
77777,322
78071,939
78073,992
78121,993
78122,995
78141,998
78201,1011
78202,1011
78203,1011
78204,1011
78205,1011
78211,1010
78212,1028
78213,1028
78214,1028
78215,1027
78216,1027
78218,1026
78219,1026
78461,995
78471,993
78511,992
78512,992
78513,939
78531,939
78571,1001
78573,1001
78600,961
78601,961
78602,961
78603,961
78604,961
78605,961
78606,961
78607,961
78608,965
78609,964
78610,964
78611,964
78612,964
78618,1648
78620,963
78621,963
78622,962
78623,962
78624,964
78625,962
78626,962
78627,962
78628,961
78629,961
78630,961
78631,962
78632,981
78741,949
78742,951
78981,959
78982,959
78984,956
78985,955
78987,959
78988,959
79618,1651
79642,906
80000,147
80618,1648
80619,1611
80620,1611
81317,276
81391,282
81437,1499
81438,1499
81439,1502
81440,1502
81441,1503
81442,1491
81443,1491
81444,1491
81445,1491
81446,1491
81447,1491
81448,1491
81449,1491
81451,1045
81463,1045
81464,1046
81561,1034
81562,1034
81618,1651
81651,1022
81681,1005
81682,1004
81683,1003
81684,1003
81685,1003
81686,1006
81687,1006
81688,1006
81835,754
81852,1498
81916,751
81917,750
82011,1034
82030,1044
82031,1044
82032,1046
82033,1046
82039,1044
82047,1046
82048,1044
82049,1044
82050,1044
82130,1491
82131,1045
82132,1045
82133,1491
82134,1491
82135,1491
82136,1491
82137,1491
82138,1491
82139,1491
82140,1503
82437,1499
82471,888
82618,1651
82851,1005
82853,1023
83032,1046
83111,570
83571,1180
83618,1651
84618,1651
84731,447
84741,1051
84791,1051
84880,1047
84881,1047
84882,1047
84883,1047
84884,1043
84885,1043
84886,1036
84887,1036
84888,1036
84921,1042
85231,956
85281,1036
85282,1036
85283,1036
85284,1044
85285,1044
85286,1047
85287,1047
85288,1047
85289,1050
85290,1036
85371,1042
85511,1051
85551,1051
85561,447
85562,447
85563,444
85564,444
85565,444
85566,444
85567,444
85568,445
85569,446
85618,1645
86111,954
86112,954
86113,954
86114,955
86115,955
86121,955
86122,955
86178,1417
86179,1417
86180,1417
86231,955
86241,955
86242,955
86251,955
86252,955
86261,954
86434,409
86458,424
86459,424
86491,944
86500,350
86618,1645
86734,785
86915,965
86929,982
86930,982
86932,982
86933,982
86934,982
86935,982
86936,982
86937,982
86938,988
86939,988
86940,988
86941,989
86942,989
86943,989
86944,993
86945,989
86946,989
86961,995
86962,995
86963,995
86964,997
86965,997
86967,998
86968,1009
86970,989
86971,993
87618,1645
87619,1645
88171,933
88332,989
88333,989
88334,989
88335,980
88336,979
88337,979
88339,983
88340,983
88342,983
88344,984
88345,985
88346,985
88591,871
88618,1648
89301,967
89339,983
89410,416
89411,416
89412,416
89413,421
89414,416
89606,976
89607,976
89608,976
89609,976
89610,975
89612,968
89613,968
89617,1649
89618,1649
89619,1649
90311,363
90618,1649
90620,1611
90621,1611
90622,1611
91317,277
91391,282
91618,1649
91619,1630
91835,754
91852,1498
91856,75
91916,750
92391,286
92618,1651
92901,835
93130,1104
93618,1651
94320,768
94321,768
94322,769
94323,769
94324,772
94325,768
94618,1651
95618,1651
96434,409
96459,424
96500,424
96618,1645
96734,807
96735,807
97618,1645
98618,1645
99832,1056
99991,309
109800,191
109801,191
109802,191
109803,191
109804,452
109805,452
109807,452
109808,450
109809,451
109810,451
109811,451
109812,451
109813,450
109814,450
109815,450
109816,450
109817,450
109818,450
109819,450
109820,448
109821,449
109822,449
109823,449
109824,449
109825,449
109826,449
109827,454
109828,454
109829,454
109830,453
109831,454
109832,453
109833,452
109834,452
109835,452
109836,452
109837,191
109838,191
109839,191
109840,191
109841,448
109842,448
109844,448
109845,448
109846,448
109847,448
109848,448
109849,448
109850,448
109851,448
109852,448
109853,448
109854,448
109855,448
109856,448
109857,448
109858,448
109859,448
109860,448
109861,448
109862,448
109863,448
109864,448
109865,448
109868,452
109869,452
109870,452
109871,454
109872,454
109873,454
109874,454
109875,454
109877,449
109878,449
109879,449
109880,449
109883,450
109884,450
109885,450
109886,450
109887,450
109888,450
109889,450
109890,450
109891,451
109892,451
109893,451
109894,450
109895,450
109896,452
109898,449
109899,453
109900,453
109901,449
109902,449
109905,450
109906,454
111146,1848
111152,1848
111159,1848
111165,1848
111179,1848
111196,1849
111206,1850
111214,1851
111217,1851
111219,1851
111220,1851
111222,1851
111223,1851
111224,1851
111228,1851
111232,1852
111234,1852
111236,1852
111239,1859
111244,1859
111248,1859
111251,1858
111258,1858
111259,1859
111640,1682
111642,1682
111648,1682
111653,1682
111656,1682
111660,1678
111667,1678
111672,1678
111678,1675
111685,1676
111691,1686
111705,1069
111711,1071
111720,1071
111729,1072
111738,1072
111747,1071
111756,1071
111762,1071
111775,1676
111781,1676
111787,1675
111791,1675
111796,1678
111801,1678
111803,1680
111806,1681
111810,1681
111815,1682
111818,1859
111823,1859
111826,1852
111828,1852
111830,1852
111834,1852
111842,1851
111843,1852
111844,1851
111848,1851
111855,1850
111864,1849
111881,1848
111895,1848
111900,1848
111907,1848
111997,571
112011,571
112019,570
112029,574
112037,574
112046,572
112094,572
112112,572
112113,569
112116,569
112121,570
112129,571
112131,574
112196,574
114878,1852
114882,1852
114886,1851
114887,1851
114888,1851
114893,1851
114895,1851
114896,1851
121008,1069
121009,1069
121010,1069
121011,1674
121012,1674
121013,1674
121014,1674
121017,1069
121018,1069
121019,1069
Abington,1880
Anderson/ Woburn,869
Andover,1333
Ashland,1592
Attleboro,2510
Auburndale,1012
Ayer,2214
Back Bay,111
Ballardvale,1328
Bellevue,431
Belmont,915
Beverly,1173
Beverly Farms,1184
Boat-Aquarium,13
Boat-Charlestown,193
Boat-George,399
Boat-Grape,1815
Boat-Hingham,1854
Boat-Hull,1848
Boat-Logan,184
Boat-Long,12
Boat-Rowes,13
Bradford,2031
Braintree,1808
Brandeis/ Roberts,985
Bridgewater,2565
Brockton,1746
Campello,1765
Canton Center,1680
Canton Junction,1678
Chelsea,471
Cohasset,1872
Concord,1433
Dedham Corp Center,1067
East Weymouth,1823
Endicott,1068
Fairmount,417
Forest Hills,348
Forge Park / 495,2357
Four Corners / Geneva,370
Framingham,1589
Franklin,2367
Gloucester,1926
Greenbush,1916
Greenwood,828
Halifax,2672
Hamilton/ Wenham,1190
Hanson,2648
Hastings,1468
Haverhill,2049
Hersey,1500
Highland,441
Holbrook/ Randolph,1702
Hyde Park,417
Ipswich,1943
Islington,1611
JFK/UMASS,354
Kendal Green,1468
Kingston,2677
Lawrence,1998
Lincoln,1415
Littleton / Rte 495,2191
Logan-A,185
Logan-B,185
Logan-C,185
Logan-Dock,184
Logan-E,185
Logan-Subway,182
Lowell,2118
Lynn,758
Malden Center,541
Manchester,1919
Mansfield,2434
Melrose Cedar Park,818
Melrose Highlands,825
Middleborough/ Lakeville,2618
Mishawum,870
Montello,1733
Montserrat,1181
Morton Street,403
Nantasket Junction,1859
Natick Center,1535
Needham Center,1494
Needham Heights,1503
Needham Junction,1498
Newburyport,1968
Newmarket,132
Newtonville,1005
Norfolk,1669
North Beverly,1186
North Billerica,1408
North Scituate,1911
North Station,3
North Wilmington,1294
Norwood Central,1634
Norwood Depot,1631
place-alfcl,727
place-alsgr,230
place-andrw,154
place-aport,182
place-aqucl,12
place-armnl,97
place-asmnl,392
place-astao,594
place-babck,237
place-bbsta,111
place-bckhl,297
place-bcnfd,749
place-bcnwa,739
place-bland,258
place-bmmnl,480
place-bndhl,733
place-bomnl,32
place-boyls,71
place-brdwy,147
place-brico,236
place-brkhl,745
place-brmnl,287
place-brntn,1808
place-bucen,253
place-buest,253
place-butlr,395
place-buwst,251
place-bvmnl,745
place-capst,1075
place-ccmnl,203
place-cedgr,395
place-cenav,1075
place-chhil,1038
place-chill,219
place-chmnl,25
place-chncl,69
place-chswk,220
place-clmnl,211
place-cntsq,654
place-coecl,104
place-cool,734
place-crtst,135
place-davis,615
place-denrd,739
place-dwnxg,52
place-eliot,1032
place-engav,740
place-fbkst,733
place-fenwd,293
place-fenwy,261
place-fldcr,368
place-forhl,348
place-gover,36
place-grigg,234
place-grnst,308
place-haecl,32
place-harsq,689
place-harvd,234
place-hsmnl,298
place-hwsst,729
place-hymnl,93
place-jaksn,332
place-jfk,359
place-kencl,259
place-knncl,640
place-kntst,729
place-lake,209
place-lech,630
place-lngmd,282
place-longw,735
place-masta,277
place-matt,407
place-mfa,278
place-miltt,1078
place-mispk,296
place-mlmnl,541
place-mvbcl,171
place-newtn,1036
place-newto,1037
place-north,2
place-nqncy,1104
place-nuniv,276
place-ogmnl,549
place-orhte,191
place-pktrm,71
place-plsgr,252
place-portr,703
place-prmnl,106
place-qamnl,1086
place-qnctr,1090
place-rbmnl,484
place-rcmnl,291
place-river,1028
place-rsmnl,750
place-rugg,290
place-rvrwy,296
place-sbmnl,304
place-sdmnl,191
place-shmnl,363
place-smary,729
place-smmnl,374
place-sougr,210
place-spmnl,1
place-sstat,19
place-state,36
place-sthld,218
place-stplb,251
place-stpul,729
place-sull,205
place-sumav,733
place-symcl,273
place-tapst,741
place-tumnl,80
place-valrd,1075
place-waban,1033
place-wascm,229
place-welln,559
place-wimnl,182
place-wlsta,1095
place-wondl,484
place-woodl,1027
place-wrnst,229
place-wtcst,139
Plimptonville,1647
Plymouth,2694
Porter Square,703
Prides Crossing,1184
Quincy Center,1090
Reading,1266
Readville,420
River Works / GE Employees Only,765
Rockport,1937
Roslindale Village,429
Route 128,1614
Rowley,1948
Ruggles,290
Salem,1165
Sharon,1660
Shirley,2234
Silver Hill,1468
South Acton,1458
South Attleboro,2497
South Station,15
South Weymouth,1846
Southborough,2294
Stoughton,1708
Swampscott,1140
Talbot Avenue,373
Uphams Corner,330
Wakefield,840
Walpole,1645
Waltham,993
Waverley,921
Wedgemere,858
Wellesley Farms,1475
Wellesley Hills,1483
Wellesley Square,1476
West Concord,1439
West Gloucester,1921
West Hingham,1856
West Medford,575
West Natick,1528
West Newton,1008
West Roxbury,444
Westborough,2325
Weymouth Landing/ East Braintree,1809
Whitman,1791
Wilmington,1289
Winchester Center,854
Windsor Gardens,1637
Wyoming Hill,815
Yawkey,261
109843,448
1125,666
119863,448
1762,666
1763,667
26137,779
28745,594
38331,1125
38391,1125
39321,1125
39401,1127
45151,495
5610,369
88341,987
Buzzards Bay,
Fitchburg,
Grafton,
Hyannis,
North Leominster,
Providence,
TF Green Airport,
Wachusett,
Wareham Village,
Wickford Junction,
Worcester,
